"Регион РФ(область, край, город фед. значения, округ)",Административный район,Населённый пункт,Улица,Плановое время начала отключения электроснабжения,Плановое время начала отключения электроснабжения Время,Плановое время восстановления отключения электроснабжения,Плановое время восстановления отключения электроснабжения Время,Филиал,РЭС,Комментарий,Id здания,Координаты
Ленинградская область,Всеволожский район,"пром зона Птице фабрика невская,  д. Аньялово.",,25-09-2023,10:00,25-09-2023,17:00,Северные электрические сети,Сертоловский РЭС,,,
Ленинградская область,Бокситогорский район,"д. Васьково,  д.Максимово,  д. Платаново, д. Озеро-Село,  д. Марьино-Село",,25-09-2023,10:00,25-09-2023,13:00,Тихвинские ЭС,Бокситогорский РЭС,,,
Ленинградская область,Гатчинский район ,"д. Покровская,  д. Антелево",,25-09-2023,10:00,25-09-2023,17:00,Южные электрические сети,Пушкинский РЭС,,,
Ленинградская область,Всеволожский район,"Свердлово, д.Овцино",,25-09-2023,10:00,25-09-2023,17:23,Северные электрические сети,Всеволожский РЭС,,,
Ленинградская область,Ломоносовский район,"д.Капорское,  д. Кемпелево,  д.Тиммолово,  д.Яльгелево.",,25-09-2023,10:00,25-09-2023,20:00,Южные электрические сети,Красносельский РЭС,,,
Ленинградская область,Волосовский район,"Пружицы,  Голятицы  ",,25-09-2023,09:00,25-09-2023,17:00,Кингисеппские ЭС,Кингисеппский РЭС,,,
Ленинградская область,Тосненский район,г.Любань,"Октября,  Калинина,  Чкалова,  Пушкина",25-09-2023,09:00,25-09-2023,18:00,Гатчинские ЭС,Тосненский РЭС,Обрезка крон деревьев.,,
Ленинградская область,Тосненский район,г.Любань,"Октября,  Калинина,  Чкалова,  Пушкина",25-09-2023,09:00,25-09-2023,18:00,Гатчинские ЭС,Тосненский РЭС,Обрезка крон деревьев.,,
Ленинградская область,Бокситогорский район,д.Мозолево-1,,25-09-2023,09:00,25-09-2023,17:00,Тихвинские ЭС,Бокситогорский РЭС,,,
Ленинградская область,Волосовский район,"Ямки,  Руссковицы",,25-09-2023,09:00,25-09-2023,17:00,Гатчинские ЭС,Ломоносовский РЭС,Работы на ВЛ 10кВ Ф-6 ПС-518,,
Ленинградская область,Лужский район,"Малые Озерцы,  Большие Озерцы,  Крени,  Бор",,25-09-2023,09:00,25-09-2023,17:00,Кингисеппские ЭС,Лужский РЭС,,,
Санкт-Петербург,Колпинский район,п. Металлострой,пром зона Металлострой,24-09-2023,10:00,24-09-2023,16:00,Южные электрические сети,Колпинский РЭС,,,
Ленинградская область,Бокситогорский район,"ДРП,  ГРС,  Артскважина СХТ,  СХТ Гаражи,  СХТ-дет.сад. п.Сельхозтехника д.9,  ч/сектор",,23-09-2023,10:00,23-09-2023,15:00,Тихвинские ЭС,Бокситогорский РЭС,,,
Ленинградская область,Тосненский район,п. Рябово,"Мысленская,  Восточная,  Заводская,  Набережная,  Заречная",22-09-2023,17:00,22-09-2023,18:00,Гатчинские ЭС,Тосненский РЭС,В связи с производством оперативных переключений по ф.717-07,,
Ленинградская область,Лодейнопольский район,д.Старая Слобода,Центр,22-09-2023,13:00,22-09-2023,16:00,Новоладожские ЭС,Лодейнопольский РЭС,,,
Санкт-Петербург,Фрунзенский район,Санкт-Петербург,Лиговский пр. д. 179 л.А; д.183 л.А; д.185 л.А.,22-09-2023,11:00,22-09-2023,15:00,Кабельная сеть,Южный РЭС,,,
Санкт-Петербург,Красногвардейский район,Санкт-Петербург,"Красногвардейская площадь, д3",22-09-2023,10:30,22-09-2023,17:00,Кабельная сеть,Правобережный РЭС,,,
Ленинградская область,Ломоносовский район,д.Лаголово,,22-09-2023,10:00,22-09-2023,17:00,Южные электрические сети,Красносельский РЭС,ТП-482,,
Ленинградская область,Всеволожский район,д.Борисова Грива,,22-09-2023,10:00,22-09-2023,17:00,Северные электрические сети,Всеволожский РЭС,,,
Ленинградская область,Тосненский район,п. Сиголово,"Солнечная,  Заречная",22-09-2023,10:00,22-09-2023,17:00,Гатчинские ЭС,Тосненский РЭС,"Выполнение замены провода на СИП, и вводов на здания.",,
Ленинградская область,Тосненский район,д. Сидорово,д.21а,22-09-2023,10:00,22-09-2023,17:00,Гатчинские ЭС,Тосненский РЭС,"Выполнение замены провода на СИП, и вводов на здания.",,
Ленинградская область,Ломоносовский район,"д.Пигелево,  д. Кемяряйзи, д.Кемеряйзи,   д.Капорское,  ,  КП Аннинские высоты,  СНТ Колос 2",,22-09-2023,10:00,22-09-2023,20:00,Южные электрические сети,Красносельский РЭС,,,
Ленинградская область,Лодейнопольский район,д.Новая Слобода,,22-09-2023,10:00,22-09-2023,13:00,Новоладожские ЭС,Лодейнопольский РЭС,,,
Ленинградская область,Ломоносовский район,"ДНП Простоквашино,  ДНП Фаворит",,22-09-2023,10:00,22-09-2023,16:00,Гатчинские ЭС,Ломоносовский РЭС,Плановые работы (Заявка №52027),,
Ленинградская область,Ломоносовский район,"д.Капорское,  д. Кемпелево,  д.Тиммолово,  д.Яльгелево.",,22-09-2023,10:00,22-09-2023,20:00,Южные электрические сети,Красносельский РЭС,,,
Ленинградская область,Гатчинский район ,д.Хюттелево ,,22-09-2023,10:00,22-09-2023,17:00,Южные электрические сети,Красносельский РЭС,ТП-5793,,
Ленинградская область,Приозерский район,п.Тракторное, полностью,22-09-2023,10:00,22-09-2023,17:00,Выборгские ЭС,Приозерский РЭС,ф.511-02 ТП-530  яч.ВН-10 ввода ф.511-02 протяжка контактных соединений.,,
Ленинградская область,Тосненский район,Федоровское ГП,Центральная,22-09-2023,10:00,22-09-2023,16:00,Южные электрические сети,Пушкинский РЭС,,,
Ленинградская область,Ломоносовский район,"д.Новополье,  д.Старые Заводы.",,22-09-2023,10:00,22-09-2023,18:00,Южные электрические сети,Красносельский РЭС,,,
Ленинградская область,Ломоносовский район,"д.Кемеряйзи,  д.Пигелево,  д.Капорское,  СНТ Колос-2,  ТСН Красносельское",,22-09-2023,10:00,22-09-2023,20:00,Южные электрические сети,Красносельский РЭС,,,
Ленинградская область,Ломоносовский район,"д.Кемеряйзи,  д.Пигелево,  д.Капорское,  СНТ Колос-2,  ТСН Красносельское",,22-09-2023,10:00,22-09-2023,20:00,Южные электрические сети,Красносельский РЭС,,,
Ленинградская область,Тосненский район,п .Тельмана,ш. Красноборское,22-09-2023,10:00,25-09-2023,17:00,Южные электрические сети,Пушкинский РЭС,,,
Ленинградская область,Выборгский район (ЛО),"п Майнило,  Ленинское ","СНТ Алакюль,   ДНП Золотая Роща,  Фермерское х-во Алакюль-2,   ДНП Майнила 2,  ДПК ""Созвездие""",22-09-2023,10:00,22-09-2023,17:00,Выборгские ЭС,Рощинский РЭС,,,
Ленинградская область,Выборгский район (ЛО),п Волочаевка,"усадьба Кархула ,  Крестьянский проезд ",22-09-2023,10:00,22-09-2023,14:00,Выборгские ЭС,Рощинский РЭС,,,
Ленинградская область,Бокситогорский район,часть д. Дыми,,22-09-2023,10:00,22-09-2023,15:00,Тихвинские ЭС,Бокситогорский РЭС,,,
Ленинградская область,Ломоносовский район,"д.Нижняя Бронна,  д.Пеники,  д.Лагерево и др.","ч/с,  промзона и др. объекты",22-09-2023,10:00,22-09-2023,16:00,Южные электрические сети,Петродворцовый  РЭС,"Работы по перераспределению нагрузок, сборка шлейфов на ВЛ-6кВ.",,
Ленинградская область,Ломоносовский район,"д. Яльгелево,  ",,22-09-2023,10:00,22-09-2023,20:00,Южные электрические сети,Красносельский РЭС,"ТП-2079, ТП-6380 кратковременно 2 раза на 30 минут для установки РИСЭ.",,
Ленинградская область,Лодейнопольский район,Ветхое Село,,22-09-2023,09:30,22-09-2023,16:00,Новоладожские ЭС,Лодейнопольский РЭС,,,
Ленинградская область,Бокситогорский район,д.Мозолево-1,,22-09-2023,09:00,22-09-2023,17:00,Тихвинские ЭС,Бокситогорский РЭС,,,
Ленинградская область,Гатчинский район ,д.Горки (рядом д.Мины),,22-09-2023,09:00,22-09-2023,17:00,Гатчинские ЭС,Тосненский РЭС,,,
Ленинградская область,Бокситогорский район,д.Золотово,,22-09-2023,09:00,22-09-2023,17:00,Тихвинские ЭС,Бокситогорский РЭС,,,
Ленинградская область,Всеволожский район,"д.Мистолово, д.Корабсельки",,22-09-2023,09:00,22-09-2023,17:00,Северные электрические сети,Сертоловский РЭС,,,
Ленинградская область,Волосовский район, Волна,,22-09-2023,09:00,22-09-2023,17:00,Кингисеппские ЭС,Кингисеппский РЭС,,,
Ленинградская область,Бокситогорский район,д.Абрамова Гора,,22-09-2023,09:00,22-09-2023,16:00,Тихвинские ЭС,Бокситогорский РЭС,,,
Ленинградская область,Гатчинский район ,"Елизаветино (частично),  Эду,  Луйсковицы ",,22-09-2023,09:00,22-09-2023,18:00,Гатчинские ЭС,Гатчинский РЭС,,,
Ленинградская область,Лужский район,Гверездно,,22-09-2023,09:00,22-09-2023,17:00,Кингисеппские ЭС,Лужский РЭС,,,
Ленинградская область,Киришский район,СТ Рассвет,Полностью ,22-09-2023,09:00,22-09-2023,17:00,Тихвинские ЭС,Тихвинский РЭС,,,
Ленинградская область,Тосненский район,г. Любань,"жил.дома-ул.Березовая аллея,       жил.дома-ул.Пролетарская, Калинина, Красная, Советская, Луговая                                                         8-е марта, Кирова, Эрджигитова, Урицкого, ",22-09-2023,09:00,22-09-2023,18:30,Гатчинские ЭС,Тосненский РЭС,Чистка трассы ВЛ от ДКР,,
Ленинградская область,Всеволожский район,д.Борисова Грива,,22-09-2023,09:00,22-09-2023,17:00,Северные электрические сети,Всеволожский РЭС,,,
Ленинградская область,Киришский район,"д.Андреево,  д.Багольник",деревня,22-09-2023,09:00,22-09-2023,17:00,Тихвинские ЭС,Тихвинский РЭС,,,
Ленинградская область,Кингисеппский район,"Старое Гарколово,  Новое Гарколово","Забалканская,  Пограничная,  Сиреневая,  база отдыха",22-09-2023,09:00,22-09-2023,17:00,Кингисеппские ЭС,Кингисеппский РЭС,,,
Ленинградская область,Всеволожский район,д.Борисова Грива,,22-09-2023,09:00,22-09-2023,16:00,Северные электрические сети,Всеволожский РЭС,,,
Ленинградская область,Бокситогорский район,"д. Лиственка,  д. Костерино,  д.Перунь",,22-09-2023,09:00,22-09-2023,18:00,Тихвинские ЭС,Бокситогорский РЭС,,,
Ленинградская область,Киришский район,"Еврейское болото, СТ Бережки,  АЗС-217 ""Киришиавтосервис""",,22-09-2023,09:00,22-09-2023,17:00,Тихвинские ЭС,Тихвинский РЭС,,,
Ленинградская область,Волосовский район,д. Голубовицы д. Шелково д. Кивалицы д. Добряницы д. Каськово д. Модолицы,,22-09-2023,09:00,22-09-2023,17:00,Гатчинские ЭС,Ломоносовский РЭС,Плановые работы,,
Ленинградская область,Волховский район,"Куколь,  Конец,  Заднево,  Нивы,  Дяглево,  Ежева,  Юрцево,  Монцево,  Великое село,  Хамонтово,  Коскеницы,  Колчаново","Нагорная,  Набережная,  Советская,  Центральная",22-09-2023,09:00,22-09-2023,17:00,Новоладожские ЭС,Волховский РЭС,,,
Ленинградская область,Волховский район,Кисельня,"Телятник (Кисельня),  ск. Двор (Кисельня),  микрорайон Клёники,  Пилорама,  Кисельнинская средняя общеобразовательная школа,  Центральная улица  ",22-09-2023,09:00,22-09-2023,17:00,Новоладожские ЭС,Волховский РЭС,,,
Ленинградская область,Тихвинский район,"ТП 15-07-07 (Кострино),  д. Воложба (ТП 15-07-10),  д. Городище (ТП 15-07-09),  д. Плёсо (ТП 15-07-08)",,22-09-2023,09:00,22-09-2023,18:00,Тихвинские ЭС,Тихвинский РЭС,"Отключение в д. Плёсо, д. Воложба, д. Городище будет не более 1 часа, для подключения РИСЭ. В д. Кострино отключение будет на весь период рабочего дня.",,
Ленинградская область,Волосовский район,Зимитицы,"д.6,  частный сектор, школа,  водозабор,  очистные,  ГРС",22-09-2023,09:00,22-09-2023,17:00,Гатчинские ЭС,Ломоносовский РЭС,Работы на ВЛ 10кВ Ф-4 ПС-Бегуницы,,
Ленинградская область,Волосовский район,"Ямки,  Руссковицы",,22-09-2023,09:00,22-09-2023,17:00,Гатчинские ЭС,Ломоносовский РЭС,Работы на ВЛ 10кВ Ф-6 ПС-518,,
Ленинградская область,Лужский район,"Малые Озерцы,  Бор",,22-09-2023,09:00,22-09-2023,17:00,Кингисеппские ЭС,Лужский РЭС,,,
Ленинградская область,Лужский район,"Натальино,  База отдыха Муравейно",,22-09-2023,09:00,22-09-2023,17:00,Кингисеппские ЭС,Лужский РЭС,,,
Ленинградская область,Кингисеппский район,"Литизно,  Куты,  Гурлево",,22-09-2023,09:00,22-09-2023,17:00,Кингисеппские ЭС,Кингисеппский РЭС,,,
Ленинградская область,Гатчинский район ,Батово (частный сектор),,22-09-2023,09:00,22-09-2023,18:00,Гатчинские ЭС,Гатчинский РЭС,Неотложные работы,,
Ленинградская область,Гатчинский район ,Маргусы,,22-09-2023,09:00,22-09-2023,18:00,Гатчинские ЭС,Гатчинский РЭС,Неотложные работы,,
Ленинградская область,Гатчинский район ,Рождествено,Терещенко,22-09-2023,09:00,22-09-2023,18:00,Гатчинские ЭС,Гатчинский РЭС,Неотложные работы.,,
Ленинградская область,Гатчинский район ,Карташевская,"Советская,  Зеленая, Горького",22-09-2023,09:00,22-09-2023,18:00,Гатчинские ЭС,Гатчинский РЭС,Неотложные работы,,
Ленинградская область,Гатчинский район ,"Пегелево,  Кирлово,  Торфопредприятия,  СНТ,  торфопредприятия, ",,22-09-2023,09:00,22-09-2023,18:00,Гатчинские ЭС,Гатчинский РЭС,,,
Ленинградская область,Ломоносовский район,"СНТ ""Трансмаш""",ч/с и пр.,22-09-2023,08:30,22-09-2023,16:00,Южные электрические сети,Петродворцовый  РЭС,Неотложные работы персоналом ВВР Южный по профилактическому восстановлению РЗА Ф.222-614.,,
Ленинградская область,Бокситогорский район,д.Забелье Ефимовское с/п,,22-09-2023,06:00,22-09-2023,18:00,Тихвинские ЭС,Бокситогорский РЭС,,,
Ленинградская область,Тосненский район,п. Рябово,"Мысленская,  Восточная,  Заводская,  Набережная,  Заречная",22-09-2023,06:00,22-09-2023,07:00,Гатчинские ЭС,Тосненский РЭС,В связи с производством оперативных переключений по ф.717-07,,
Ленинградская область,Бокситогорский район,"д. Новинка,  д.Логиново,  д. Курята д.Толсть , д.Бирючево, д.Коргорка, д.Дубровка, д.Забелино, д.Маклаково, д.Селище",д.Климово пилорамы,22-09-2023,04:00,22-09-2023,17:00,Тихвинские ЭС,Бокситогорский РЭС,,,
Ленинградская область,Ломоносовский район,"д.Верняя Бронка,  д.Верхняя Бронна,  д.Малое Коновалово,  д.Лангерево,  СНТ ""Лангерево"",  СНТ ""Ягодное-2"",  СНТ ""Ягодное"",  д.Кузнецы,  ПАО ""Мегафон""-Пеники,  вышка GSM- Малое Коновалово и др.","ч/с,  промзона и др. объекты",21-09-2023,20:00,22-09-2023,23:59,Южные электрические сети,Петродворцовый  РЭС,"В течении указанного периода, кратковременно до 30 минут 2 раза. Оперативные переключения по Ф.223-10, Ф.Гидроприбор-09 для подготовки схемы к ремонту, и восстановлению нормальной схемы после ремонта.",,
Ленинградская область,Волосовский район,Клопицы (частный сектор),население по дороге на Медниково,21-09-2023,13:00,21-09-2023,17:00,Гатчинские ЭС,Ломоносовский РЭС,плановые работы на ТП-8190,,
Ленинградская область,Гатчинский район ,"п.Новинка, д.Новинка, Озерешно, Ольховец, Нестерково, Тарасино, Чаща, Дальний, Воцко, Кремено, Ракитино, СНТ""Новинка"".",,21-09-2023,12:00,21-09-2023,16:00,,,Работы на ПС-35 кВ Новинка.,,
Ленинградская область,Всеволожский район,"Вартемяги,  Скотное ,  Рапполово,  Кавголово,  ",,21-09-2023,11:00,21-09-2023,17:00,Северные электрические сети,Сертоловский РЭС,,,
Ленинградская область,Гатчинский район ,"Изора,  Лязево,  Протасовка",,21-09-2023,10:30,21-09-2023,18:00,Гатчинские ЭС,Гатчинский РЭС,"Ремонт ЛР 10кВ на опоре №81/1 к ТП-1625, кронирование угрожающих деревьев",,
Ленинградская область,Лодейнопольский район,Яровщина,,21-09-2023,10:30,21-09-2023,16:00,Новоладожские ЭС,Лодейнопольский РЭС,,,
Санкт-Петербург,Приморский район (СПб),Санкт-Петербург,"ул. Нижне-Каменская д. 11,  ул. Нижне-Каменская д. 7 к. 1,  ул. Нижне-Каменская д. 7 к. 2,  Светофор,  ",21-09-2023,10:00,21-09-2023,17:00,Кабельная сеть,Западный РЭС,,,
Ленинградская область,Приозерский район,п.Студеное,Лесная,21-09-2023,10:00,21-09-2023,17:00,Выборгские ЭС,Приозерский РЭС,ВЛ-0.4кВ Л-1 от ТП-109 Перетяжка проводов в пролете оп.№5-6,,
Ленинградская область,Всеволожский район,"д.Екатериновка  пилорамма,  автозаправка д. Екатериновка,  ИП Шевцов,  СНТ «Новая Екатериновка»,  СНТ «Грузино-парк»,  СНТ «Долина»,  Индустриальный парк «Екатерининский»,  ООО «Конструктив»",,21-09-2023,10:00,21-09-2023,17:00,Северные электрические сети,Сертоловский РЭС,,,
Санкт-Петербург,Красносельский район,Красное село,пр. Ленина,21-09-2023,10:00,21-09-2023,17:00,Южные электрические сети,Красносельский РЭС,ТП-407к отключение на 2 час,,
Санкт-Петербург,Красносельский район,Красное село,пр. Ленина,21-09-2023,10:00,21-09-2023,17:00,Южные электрические сети,Красносельский РЭС,ТП-407к отключение на 2 час,,
Санкт-Петербург,Всеволожский район,Ржевка,,21-09-2023,10:00,21-09-2023,17:00,Северные электрические сети,Всеволожский РЭС,,,
Ленинградская область,Всеволожский район,"Приютино,  Ковалево",,21-09-2023,10:00,21-09-2023,17:00,Северные электрические сети,Всеволожский РЭС,,,
Ленинградская область,Тосненский район,п. Сиголово,"Солнечная,  Заречная",21-09-2023,10:00,21-09-2023,17:00,Гатчинские ЭС,Тосненский РЭС,"Выполнение замены провода на СИП, и вводов на здания.",,
Ленинградская область,Тосненский район,д. Сидорово,д.21а,21-09-2023,10:00,21-09-2023,17:00,Гатчинские ЭС,Тосненский РЭС,"Выполнение замены провода на СИП, и вводов на здания.",,
Ленинградская область,Тосненский район,д. Сидорово,д.21а,21-09-2023,10:00,21-09-2023,17:00,Гатчинские ЭС,Тосненский РЭС,"Выполнение замены провода на СИП, и вводов на здания.",,
Ленинградская область,Ломоносовский район,"д.Пигелево,  д. Кемяряйзи, д.Кемеряйзи,   д.Капорское,  ,  КП Аннинские высоты,  СНТ Колос 2",,21-09-2023,10:00,21-09-2023,20:00,Южные электрические сети,Красносельский РЭС,,,
Ленинградская область,Ломоносовский район,д.Разбегаево,,21-09-2023,10:00,21-09-2023,17:00,Южные электрические сети,Красносельский РЭС,ТП-492,,
Ленинградская область,Ломоносовский район,д.Райкузи,,21-09-2023,10:00,21-09-2023,18:00,Южные электрические сети,Красносельский РЭС,"ТП-5840, ТП-6396",,
Ленинградская область,Ломоносовский район,п.Виллози.,,21-09-2023,10:00,21-09-2023,17:00,Южные электрические сети,Красносельский РЭС,ТП-516,,
Ленинградская область,Ломоносовский район,п. Аннино.,,21-09-2023,10:00,21-09-2023,17:00,Южные электрические сети,Красносельский РЭС,ТП-579,,
Ленинградская область,Лодейнопольский район,Рассвет,"д. 1,  2,  3,  4",21-09-2023,10:00,21-09-2023,16:00,Новоладожские ЭС,Лодейнопольский РЭС,,,
Ленинградская область,Лодейнопольский район,"д.Зиновий наволок,  Матреновщина",,21-09-2023,10:00,21-09-2023,16:00,Новоладожские ЭС,Лодейнопольский РЭС,,,
Ленинградская область,Ломоносовский район,СНТ Заостровье Заостровье Гостилицы ДНП Долина Уюта КП Медовая поляна Старый Бор Новое Заостровье СНТ Петергофские Предместья Большое Горлово ур. Мишелово Горлово,,21-09-2023,10:00,21-09-2023,17:00,Гатчинские ЭС,Ломоносовский РЭС,Плановые работы,,
Ленинградская область,Ломоносовский район,"д.Капорское,  д. Кемпелево,  д.Тиммолово,  д.Яльгелево.",,21-09-2023,10:00,21-09-2023,20:00,Южные электрические сети,Красносельский РЭС,,,
Ленинградская область,Лужский район,Загорье,,21-09-2023,10:00,22-09-2023,16:00,Кингисеппские ЭС,Лужский РЭС,,,
Ленинградская область,Лужский район,Загорье,,21-09-2023,10:00,22-09-2023,16:00,Кингисеппские ЭС,Лужский РЭС,,,
Ленинградская область,Киришский район,д.Среднее село,Частично,21-09-2023,10:00,21-09-2023,17:00,Тихвинские ЭС,Тихвинский РЭС,,,
Ленинградская область,Киришский район,д.Среднее село,Частично,21-09-2023,10:00,21-09-2023,17:00,Тихвинские ЭС,Тихвинский РЭС,,,
Ленинградская область,Тосненский район,"Федоровское ГП, ","уч. Восточный,  1-й Восточный,  Промышленная,  Оборонная,  Пролетарская,  Техническая,  1-й Оборонный проезд,  ",21-09-2023,10:00,21-09-2023,17:00,Южные электрические сети,Пушкинский РЭС,,,
Ленинградская область,Тосненский район,"садоводческий массив ижора,  гп. Федоровское,  садоводство Контакт,  садоводство Текстиль,  садоводство Уголек","ул. Южная дорога,  ул. Полевая",21-09-2023,10:00,21-09-2023,16:00,Южные электрические сети,Пушкинский РЭС,,,
Ленинградская область,Ломоносовский район,"д.Кабацкое,  д.Ускуля,  д.Кукушкино,  д. Кузнецы,  д. Б. Коновалово,  ДНП ""Лада"",  ДНП ""Дружное"",  и др.",ч/с промзона и пр.,21-09-2023,10:00,21-09-2023,18:00,Южные электрические сети,Петродворцовый  РЭС,"Работы по монтажу опор ВЛ-6кВ, Ф.Гидроприбор-12, от РК-15 в сторону ТП-841П.",,
Ленинградская область,Киришский район,Будогощь,"Железнодорожная 6б(м.Петерочка,  магнит,  Волховское райпо), Комсомольская,  Кооперативная,  Первомайская,  Кирова,  Октябрьская,  Озерная,  Делегатская,  дома №№ 1-20; Пионерская,  дома №№ 5,  6. Советская (частично)",21-09-2023,10:00,21-09-2023,17:00,Тихвинские ЭС,Тихвинский РЭС,,,
Ленинградская область,Киришский район,Гремячево,частично,21-09-2023,10:00,21-09-2023,17:00,Тихвинские ЭС,Тихвинский РЭС,,,
Ленинградская область,Гатчинский район ,"Выра,  Замостье",,21-09-2023,10:00,21-09-2023,18:00,Гатчинские ЭС,Гатчинский РЭС,Замена ЛР-481 оп. 63/3,,
Ленинградская область,Ломоносовский район,"д.Кемеряйзи,  д.Пигелево,  д.Капорское,  СНТ Колос-2,  ТСН Красносельское",,21-09-2023,10:00,21-09-2023,20:00,Южные электрические сети,Красносельский РЭС,,,
Ленинградская область,Пушкинский район,Пудомяги,,21-09-2023,10:00,21-09-2023,17:00,Южные электрические сети,Пушкинский РЭС,,,
Ленинградская область,Тосненский район,Шапки,Железнодорожная,21-09-2023,10:00,20-09-2023,17:00,Гатчинские ЭС,Тосненский РЭС,"Замена вводов 0,4кВ в здания.",,
Ленинградская область,Лодейнопольский район,Шириничи,,21-09-2023,10:00,21-09-2023,16:00,Новоладожские ЭС,Лодейнопольский РЭС,,,
Ленинградская область,Лодейнопольский район,"Агашово,  Шапша,  Печеницы,  Руссконицы",,21-09-2023,09:30,21-09-2023,16:30,Новоладожские ЭС,Лодейнопольский РЭС,,,
Ленинградская область,Бокситогорский район,д.Славково,,21-09-2023,09:30,21-09-2023,17:00,Тихвинские ЭС,Бокситогорский РЭС,,,
Ленинградская область,Бокситогорский район,"д. Лиственка,  д. Шибалово,  д.Никольское,  д.Плутно,  д.Ионино,  д.Стехново,  д.Лидь,  д. Лукинское,  д. Лесное,  п. Утишье,  п. Головачево",,21-09-2023,09:00,21-09-2023,17:00,Тихвинские ЭС,Бокситогорский РЭС,,,
Ленинградская область,Бокситогорский район,Чудцы-РТРС,,21-09-2023,09:00,21-09-2023,17:00,Тихвинские ЭС,Бокситогорский РЭС,,,
Ленинградская область,Приозерский район,п. Сосново,"ж/дома: ул. Шоссейная,  ул. Ленинградская,  ул. Набережная,  ул. Железнодорожная,  Еловый пер.,  ул. Ладожская АЗС «Кириши»,  БС ""Билайн"",  ""Газпроминвест"",  шиномонтаж,  ""Дельта""",21-09-2023,09:00,21-09-2023,18:00,Выборгские ЭС,Приозерский РЭС,,,
Ленинградская область,Бокситогорский район,д.Маклаково,,21-09-2023,09:00,21-09-2023,17:00,Тихвинские ЭС,Бокситогорский РЭС,,,
Ленинградская область,Гатчинский район ,д.Горки (рядом д.Мины),,21-09-2023,09:00,21-09-2023,17:00,Гатчинские ЭС,Тосненский РЭС,,,
Ленинградская область,Бокситогорский район,Чудцы-РТРС,,21-09-2023,09:00,21-09-2023,17:00,Тихвинские ЭС,Бокситогорский РЭС,,,
Ленинградская область,Волосовский район,"Ронковицы, Ольхово, Греблово, Медниково",население,21-09-2023,09:00,21-09-2023,18:00,Гатчинские ЭС,Ломоносовский РЭС,Плановые работы на ВЛ 10кВ ,,
Ленинградская область,Волосовский район,"Красные Череповицы, Ржевка, Клопицы (частный сектор)",население,21-09-2023,09:00,21-09-2023,18:00,Гатчинские ЭС,Ломоносовский РЭС,Плановые работы на ВЛ 10кВ ,,
Ленинградская область,Бокситогорский район,д.Абрамова Гора,,21-09-2023,09:00,21-09-2023,17:00,Тихвинские ЭС,Бокситогорский РЭС,,,
Ленинградская область,Тосненский район,г. Любань,"жил.дома-ул.Березовая аллея,       жил.дома-ул.Пролетарская, Калинина, Красная, Советская, Луговая                                                         8-е марта, Кирова, Эрджигитова, Урицкого, ",21-09-2023,09:00,21-09-2023,18:30,Гатчинские ЭС,Тосненский РЭС,Чистка трассы ВЛ от ДКР,,
Ленинградская область,Лужский район,Холомцы,,21-09-2023,09:00,21-09-2023,17:00,Кингисеппские ЭС,Лужский РЭС,,,
Ленинградская область,Киришский район,СТ Рассвет,Полностью ,21-09-2023,09:00,21-09-2023,17:00,Тихвинские ЭС,Тихвинский РЭС,,,
Ленинградская область,Всеволожский район,СНТ Кокосы.,-,21-09-2023,09:00,21-09-2023,19:00,Северные электрические сети,Всеволожский РЭС,,,
Ленинградская область,Киришский район,"д.Андреево,  д.Багольник",деревня,21-09-2023,09:00,21-09-2023,17:00,Тихвинские ЭС,Тихвинский РЭС,,,
Ленинградская область,Кингисеппский район,"Старое Гарколово,  Новое Гарколово","Забалканская,  Пограничная,  Сиреневая,  база отдыха",21-09-2023,09:00,21-09-2023,17:00,Кингисеппские ЭС,Кингисеппский РЭС,,,
Ленинградская область,Всеволожский район,д.Мистолово ,,21-09-2023,09:00,21-09-2023,16:00,Северные электрические сети,Сертоловский РЭС,,,
Ленинградская область,Всеволожский район,п.Ново-девяткино,пром.зона,21-09-2023,09:00,21-09-2023,17:00,Северные электрические сети,Сертоловский РЭС,,,
Ленинградская область,Волховский район,д. Загубье,Набережная,21-09-2023,09:00,21-09-2023,16:00,Новоладожские ЭС,Лодейнопольский РЭС,Плановое отключение,,
Ленинградская область,Волосовский район,Клопицы (частный сектор),население по основной дороге,21-09-2023,09:00,21-09-2023,12:00,Гатчинские ЭС,Ломоносовский РЭС,плановые работы на ТП-8130,,
Ленинградская область,Волосовский район,"Сельцо,  Слободка,  Рутелицы",население ,21-09-2023,09:00,21-09-2023,17:00,Гатчинские ЭС,Ломоносовский РЭС,плановые работы на ВЛ 10кВ,,
Ленинградская область,Тихвинский район,"д. Засыпье,  д. Вяльгино",,21-09-2023,09:00,21-09-2023,17:00,Тихвинские ЭС,Тихвинский РЭС,,,
Ленинградская область,Волосовский район,"Стойгино, Смедово, Черенковицы",население ,21-09-2023,09:00,21-09-2023,17:00,Гатчинские ЭС,Ломоносовский РЭС,плановые работы на  ВЛ 10кВ ,,
Ленинградская область,Киришский район,"Еврейское болото, СТ Бережки,  АЗС-217 ""Киришиавтосервис""",,21-09-2023,09:00,21-09-2023,17:00,Тихвинские ЭС,Тихвинский РЭС,,,
Ленинградская область,Волосовский район,п. Молосковицы ,,21-09-2023,09:00,21-09-2023,17:00,Кингисеппские ЭС,Кингисеппский РЭС,,,
Ленинградская область,Кингисеппский район,Горки,,21-09-2023,09:00,21-09-2023,17:00,Кингисеппские ЭС,Кингисеппский РЭС,,,
Ленинградская область,Кингисеппский район,Кленно,,21-09-2023,09:00,21-09-2023,17:00,Кингисеппские ЭС,Кингисеппский РЭС,,,
Ленинградская область,Кингисеппский район,Килли,,21-09-2023,09:00,21-09-2023,17:00,Кингисеппские ЭС,Кингисеппский РЭС,,,
Ленинградская область,Лужский район,"Большая Дивенка,  Тозырево",,21-09-2023,09:00,21-09-2023,19:00,Кингисеппские ЭС,Лужский РЭС,,,
Ленинградская область,Лужский район,Володарское,Люблинская,21-09-2023,09:00,22-09-2023,17:00,Кингисеппские ЭС,Лужский РЭС,,,
Ленинградская область,Волосовский район,"д. Голубовицы,  д. Шелково",,21-09-2023,09:00,21-09-2023,17:00,Гатчинские ЭС,Ломоносовский РЭС,Плановые работы,,
Ленинградская область,Волховский район,Колчаново,Клубная,21-09-2023,09:00,21-09-2023,17:00,Новоладожские ЭС,Волховский РЭС,,,
Ленинградская область,Волховский район,"Песчаный карьер (Кисельня),  д. Селивёрстово",,21-09-2023,09:00,21-09-2023,18:00,Новоладожские ЭС,Волховский РЭС,,,
Ленинградская область,Выборгский район (ЛО),"п Симагино,  п Подгорное ","Лен ВО Подсобное хозяйство Птичник,  СНТ Надежда-3,   СНТ Сабур Лесное,  ур.Славино,  СНТ Нива,  СНТ Подгорное,  индивидуальные застройщики ",21-09-2023,09:00,21-09-2023,17:00,Выборгские ЭС,Рощинский РЭС,,,
Ленинградская область,Выборгский район (ЛО),"п Симагино,  п Подгорное ","Лен ВО Подсобное хозяйство Птичник,  СНТ Надежда-3,   СНТ Сабур Лесное,  ур.Славино,  СНТ Нива,  СНТ Подгорное,  индивидуальные застройщики ",21-09-2023,09:00,21-09-2023,17:00,Выборгские ЭС,Рощинский РЭС,,,
Ленинградская область,Кировский район (ЛО),д.Кобона,,21-09-2023,09:00,21-09-2023,17:00,Новоладожские ЭС,Волховский РЭС,Работы для улучшения качества и надежности электроснабжения потребителей ,,
Ленинградская область,Подпорожский район,Важины,"Зеленая,  Механизаторов",21-09-2023,09:00,21-09-2023,17:00,Новоладожские ЭС,Лодейнопольский РЭС,,,
Ленинградская область,Лужский район,Пустынь,,21-09-2023,08:00,22-09-2023,17:00,Кингисеппские ЭС,Лужский РЭС,,,
Ленинградская область,Бокситогорский район,д.Забелье Ефимовское с/п,,21-09-2023,06:00,21-09-2023,18:00,Тихвинские ЭС,Бокситогорский РЭС,,,
Ленинградская область,Бокситогорский район,"д. Новинка,  д.Логиново,  д. Курята д.Толсть , д.Бирючево, д.Коргорка, д.Дубровка, д.Забелино, д.Маклаково, д.Селище",д.Климово пилорамы,21-09-2023,04:00,21-09-2023,17:00,Тихвинские ЭС,Бокситогорский РЭС,,,
Ленинградская область,Подпорожский район,Красный Бор,,20-09-2023,16:00,20-09-2023,19:00,Новоладожские ЭС,Лодейнопольский РЭС,,,
Ленинградская область,Ломоносовский район,"д. Гостилицы         д. Петровское СНТ ""Заозерное""  д. Порожки",,20-09-2023,15:29,20-09-2023,22:00,Гатчинские ЭС,Ломоносовский РЭС,аварийное отключение,,
Санкт-Петербург,Колпинский район,п. Шушары,Пром. зона Шушары,20-09-2023,14:00,20-09-2023,17:00,Южные электрические сети,Колпинский РЭС,,,
Ленинградская область,Выборгский район (ЛО),п.Большое Поле,частично,20-09-2023,13:00,20-09-2023,16:00,Выборгские ЭС,Выборгский РЭС,,,
Ленинградская область,Ломоносовский район,"д.Капорское,  д. Кемпелево,  д.Тиммолово,  д.Яльгелево.",,20-09-2023,12:00,20-09-2023,17:00,Южные электрические сети,Красносельский РЭС,,,
Санкт-Петербург,Фрунзенский район,Санкт-Петербург,Лиговский пр. д.138 л.А; д.140 л.А; д.144 л.А,20-09-2023,11:00,20-09-2023,14:00,Кабельная сеть,Южный РЭС,,,
Ленинградская область,Ломоносовский район,"Райкузи,  Иннолово","ул. Садовая,  ул,  Посадская,  Заречная ",20-09-2023,10:00,20-09-2023,18:00,Южные электрические сети,Красносельский РЭС,"ТП-5840, ТП-6396",,
Ленинградская область,Тихвинский район,д. Паголда ТП 143-22-20 (Паголда-котеджи) ,,20-09-2023,10:00,20-09-2023,17:00,Тихвинские ЭС,Тихвинский РЭС,Планируемое время отключения не более 5 часов в указанный период времени,,
Ленинградская область,Ломоносовский район,д.Лаголово,,20-09-2023,10:00,20-09-2023,17:00,Южные электрические сети,Красносельский РЭС,"ТП-6064, ТП-6491",,
Ленинградская область,Всеволожский район,"СНТ «Восход»,  СНТ «Метеор»,  СНТ «Красный Маяк»,  СНТ «Электроприбор»,  СНТ им.Кулакова,  СНТ «Трансмашевец», СНТ «Метрополитеновец»,  СНТ «Управление Октябрьской железной дороги»,  СНТ «Рабочий»,  СНТ «Фрунзевец»,  СНТ «Балтиец»,  СНТ «Леспроект»,  ООО «Полюстрово»,  СНТ «Эскалатор»,  СНТ «Красная нить»,   СНТ «Севзапстрой»,  СНТ «Красная Заря» ,  СНТ «Турбостроитель»,  АСНТ «Рубикон»,  д.Васкелово  Лемболовская набережная,  МЦ «Борменталь» .",,20-09-2023,10:00,20-09-2023,18:00,Северные электрические сети,Сертоловский РЭС,,,
Санкт-Петербург,Красносельский район,Красное село,пр. Ленина,20-09-2023,10:00,20-09-2023,17:00,Южные электрические сети,Красносельский РЭС,ТП-407к отключение на 2 часа,,
Ленинградская область,Тосненский район,п. Сиголово,"Солнечная,  Заречная",20-09-2023,10:00,20-09-2023,17:00,Гатчинские ЭС,Тосненский РЭС,"Выполнение замены провода на СИП, и вводов на здания.",,
Ленинградская область,Тосненский район,д. Сидорово,д.21а,20-09-2023,10:00,20-09-2023,17:00,Гатчинские ЭС,Тосненский РЭС,"Выполнение замены провода на СИП, и вводов на здания.",,
Ленинградская область,Ломоносовский район,"д.Пигелево,  д. Кемяряйзи, д.Кемеряйзи,   д.Капорское,  ,  КП Аннинские высоты,  СНТ Колос 2",,20-09-2023,10:00,20-09-2023,20:00,Южные электрические сети,Красносельский РЭС,,,
Ленинградская область,Ломоносовский район,д.Разбегаево,,20-09-2023,10:00,20-09-2023,17:00,Южные электрические сети,Красносельский РЭС,ТП-506,,
Ленинградская область,Кингисеппский район,Солка-3,,20-09-2023,10:00,20-09-2023,17:00,Кингисеппские ЭС,Кингисеппский РЭС,,,
Ленинградская область,Лужский район,Пустынь,,20-09-2023,10:00,22-09-2023,17:00,Кингисеппские ЭС,Лужский РЭС,,,
Ленинградская область,Приозерский район,п.Приладожское часть, Б/о,20-09-2023,10:00,20-09-2023,17:00,Выборгские ЭС,Приозерский РЭС,ВЛ-10кВ ф.511-05 уч. от ЛР-97 до ТП-187 - чистка трасы от ДКР,,
Ленинградская область,Тихвинский район," д.Казалма,  д.Леошино,  д.Щекотовицы,  д.Малое Усадище",,20-09-2023,10:00,20-09-2023,16:00,Тихвинские ЭС,Бокситогорский РЭС,,,
Ленинградская область,Волосовский район,"Жилгородок, Ронковицы, Ольхово, Греблово, Медниково","население,  котельные,  водозаборы",20-09-2023,09:00,20-09-2023,13:00,Гатчинские ЭС,Ломоносовский РЭС,Плановые работы на ВЛ 10кВ ,,
Ленинградская область,Волосовский район,"Ронковицы, Ольхово, Греблово, Медниково",население,20-09-2023,09:00,20-09-2023,18:00,Гатчинские ЭС,Ломоносовский РЭС,Плановые работы на ВЛ 10кВ ,,
Ленинградская область,Волосовский район,"Красные Череповицы, Ржевка, Клопицы (частный сектор)",население,20-09-2023,09:00,20-09-2023,18:00,Гатчинские ЭС,Ломоносовский РЭС,Плановые работы на ВЛ 10кВ ,,
Ленинградская область,Бокситогорский район,д.Абрамова Гора,,20-09-2023,09:00,20-09-2023,17:00,Тихвинские ЭС,Бокситогорский РЭС,,,
Ленинградская область,Волосовский район,"Шадырицы, Малая Александровка,  Неревицы",,20-09-2023,09:00,20-09-2023,17:00,Кингисеппские ЭС,Кингисеппский РЭС,,,
Ленинградская область,Подпорожский район,Хевроньино,,20-09-2023,09:00,20-09-2023,17:00,Новоладожские ЭС,Лодейнопольский РЭС,,,
Ленинградская область,Киришский район,"Еврейское болото, СТ Бережки",,20-09-2023,09:00,20-09-2023,17:00,Тихвинские ЭС,Тихвинский РЭС,,,
Ленинградская область,Киришский район,СТ Рассвет,Полностью ,20-09-2023,09:00,20-09-2023,17:00,Тихвинские ЭС,Тихвинский РЭС,,,
Ленинградская область,Киришский район,"д.Андреево,  д.Багольник",деревня,20-09-2023,09:00,20-09-2023,17:00,Тихвинские ЭС,Тихвинский РЭС,,,
Ленинградская область,Всеволожский район,д.Сярьги,,20-09-2023,09:00,20-09-2023,17:00,Северные электрические сети,Сертоловский РЭС,,,
Ленинградская область,Тихвинский район,"д. Рандога,  д.Крючково,  д.Кулига",,20-09-2023,09:00,20-09-2023,17:00,Тихвинские ЭС,Тихвинский РЭС,,,
Ленинградская область,Лужский район,Раковичи,,20-09-2023,09:00,20-09-2023,17:00,Кингисеппские ЭС,Лужский РЭС,,,
Ленинградская область,Тихвинский район,г. Тихвин ТП 143-29-02 (СТО),,20-09-2023,09:00,20-09-2023,17:00,Тихвинские ЭС,Тихвинский РЭС,,,
Ленинградская область,Лужский район,"Стелево,  Хвощно,  Красая Горка,  Святье",,20-09-2023,08:00,20-09-2023,17:00,Кингисеппские ЭС,Лужский РЭС,,,
Ленинградская область,Бокситогорский район,д.Забелье Ефимовское с/п,,20-09-2023,06:00,20-09-2023,18:00,Тихвинские ЭС,Бокситогорский РЭС,,,
Ленинградская область,Ломоносовский район,"д. Лопухинка,  д. Старая буря,  д. Медуши,  д. Савольщина,  д. Заостровье,  д. Горки,  д. Никольское,  ур. Никкорово,  ТЕЛЕ-2,  Пилорама,  Аква,  Близь Извары,  СНТ Медуши,  ДНП Горки-Гольф,  СНТ Олимп,  СНТ Радужное,  Хомич,  ДНП Лопухинская Мыза,  Тепличный комбинат Колос,  ООО Юлия,  ДНП Сказка,  ООО Штаб,  садоводство Морской порт,  садоводство Лопухинка,  ООО Илеть,  СНТ Луговое,  ООО Эрланг,  ДНП Лесная Поляна,  ДНП Заостровье,  КП Поляны,  Надежда,  Березняки,  ",И ВСЕ СНТ и ДНП находящиеся рядом с этими населенными пунктами,19-09-2023,23:30,20-09-2023,04:00,Гатчинские ЭС,Ломоносовский РЭС,Плановые переключения по переносу нагрузки продолжительностью 30-40 минут в указанном промежутке времени,,
Ленинградская область,Тосненский район,"д.Нурма(часть), СНТ-Клюльвия, Нечеперть, Мир, д.Горка, д.Жоржино",,19-09-2023,21:06,19-09-2023,21:26,Гатчинские ЭС,Тосненский РЭС,Переключения .,,
Санкт-Петербург,Красносельский район,"г. Красное Село ,  д. Лаголово","г. Красное Село  Кингисеппское шоссе ш. д.27 к.2 лит.Л.  д. Лаголово  Школа ,  ул. Садовая",19-09-2023,20:00,20-09-2023,06:00,Южные электрические сети,Красносельский РЭС,На 30 минут.,,
Ленинградская область,Ломоносовский район,д.Пеники и др.,ч/с и др. объекты,19-09-2023,20:00,20-09-2023,23:59,,,"Кратковременное отключение Ф.223-07 19.09.2023 и 20.09.2023 в период времени с 20-00 до 24-00 продолжительностью до 5 минут. Изменение уставок РЗиА по Ф.223-07 на ПС-223 ""Дамба"". ",,
Ленинградская область,Выборгский район (ЛО),п Заполье ,ДНП Полянка,19-09-2023,14:00,19-09-2023,16:00,Выборгские ЭС,Рощинский РЭС,,,
Ленинградская область,Волосовский район,Клопицы ,"население МКД №1, 2, 3, 13, 14, 15,  водозабор,  школа,  ГРС",19-09-2023,13:00,19-09-2023,17:00,Гатчинские ЭС,Ломоносовский РЭС,плановые работы на ТП-8126,,
Ленинградская область,Всеволожский район,Невская Дубровка,,19-09-2023,12:00,19-09-2023,17:00,Северные электрические сети,Всеволожский РЭС,,,
Санкт-Петербург,Красносельский район,Красное село,"пр. Ленеина,  ул.Красноармейская",19-09-2023,12:00,19-09-2023,15:00,Южные электрические сети,Красносельский РЭС,ТП-413 1СШ,,
Ленинградская область,,"Даймище,  Рождествено",,19-09-2023,12:00,19-09-2023,18:00,Гатчинские ЭС,Гатчинский РЭС,,,
Ленинградская область,Волосовский район,п. Бегуницы д. Б. Лашковицы д. Большое Тешково д. Малое Тешково д. Куйлово  д. Томарово д. Кемполово д. Красная Мыза д. Кайкино д. Синковицы д. Старые Бегуницы,,19-09-2023,11:00,19-09-2023,17:00,Гатчинские ЭС,Ломоносовский РЭС,Аварийное отключение,,
Ленинградская область,Гатчинский район ,Батово,,19-09-2023,10:30,19-09-2023,18:00,Гатчинские ЭС,Гатчинский РЭС,,,
Ленинградская область,Бокситогорский район,д. Костерино,,19-09-2023,10:00,19-09-2023,16:00,Тихвинские ЭС,Бокситогорский РЭС,,,
,,"Райкузи,  Иннолово","ул. Садовая,  ул,  Посадская,  Заречная ",19-09-2023,10:00,19-09-2023,18:00,Южные электрические сети,Красносельский РЭС,"ТП-5840, ТП-6396",,
Ленинградская область,Ломоносовский район,д.Лаголово,,19-09-2023,10:00,19-09-2023,17:00,Южные электрические сети,Красносельский РЭС,ТП-2044,,
Ленинградская область,Всеволожский район,"д.Суоранда, д.Верхняя",,19-09-2023,10:00,19-09-2023,18:36,Северные электрические сети,Всеволожский РЭС,,,
Санкт-Петербург,Красносельский район,Красное село,пр. Ленина,19-09-2023,10:00,19-09-2023,17:00,Южные электрические сети,Красносельский РЭС,ТП-407к отключение на 2 часа,,
Ленинградская область,Всеволожский район,Невская Дубровка,,19-09-2023,10:00,19-09-2023,17:00,Северные электрические сети,Всеволожский РЭС,,,
Санкт-Петербург,Калининский район,Санкт-Петербург,пр.Мечникова/ул.Замшина-светофор; ЖЭУ 21 Калининского района,19-09-2023,10:00,19-09-2023,22:00,Кабельная сеть,Восточный РЭС,,,
Ленинградская область,Тосненский район,п. Сиголово,"Солнечная,  Заречная",19-09-2023,10:00,19-09-2023,17:00,Гатчинские ЭС,Тосненский РЭС,"Выполнение замены провода на СИП, и вводов на здания.",,
Ленинградская область,Киришский район,ур.Посадников Остров," СНТ Радуга 2,  СНТ Радуга ,  СНТ Жилищник,  СНТ  Луг,  СНТ  Дружба,  СНТ  Энергетик,  СНТ  Водник,  МТС Посадниково,  СНТ Свет,  СНТ Анкер,  Союз,  СНТ Восток,  Вышка связи,  СНТ Маяк,  СНТ Флора,  СНТ Дорожник,  СНТ Рестовратор,  СНТ Строитель,  СНТ Ветвузовец,  СНТ Меридиан,  СНТ Содружество,  СНТ Сигнал,  СНТ Эра,  СНТ Изумрудное,  СНТ Глобус,  СНТ Вымпел,  Линк ",19-09-2023,10:00,19-09-2023,15:00,Тихвинские ЭС,Тихвинский РЭС,,,
Ленинградская область,Тосненский район,д. Сидорово,д.21а,19-09-2023,10:00,19-09-2023,17:00,Гатчинские ЭС,Тосненский РЭС,"Выполнение замены провода на СИП, и вводов на здания.",,
Ленинградская область,Выборгский район (ЛО),п.Житково,частично,19-09-2023,10:00,19-09-2023,17:00,Выборгские ЭС,Выборгский РЭС,,,
Санкт-Петербург,Пушкинский район,г. Пушкин,"Витебский пр-т,  Заправки Тибойл (Шелл),  Кириши,  ГазпромНефть",19-09-2023,10:00,19-09-2023,17:00,Южные электрические сети,Пушкинский РЭС,,,
Ленинградская область,Ломоносовский район,"СНТ Балтийская Слобода 1,  2,  3; ДНП Калитино; ДНП Малиновые вечера ,  ",,19-09-2023,10:00,19-09-2023,17:00,Гатчинские ЭС,Ломоносовский РЭС,Плановые работы,,
Санкт-Петербург,Пушкинский район,г. Пушкин,ул. Октябрьский б-р д.7/29,19-09-2023,10:00,19-09-2023,17:00,Южные электрические сети,Пушкинский РЭС,,,
Ленинградская область,Ломоносовский район,д.Гостилицы (частично),"Котельная,  гаражи,  мастерские,  мол.завод",19-09-2023,10:00,19-09-2023,17:30,Гатчинские ЭС,Ломоносовский РЭС,"Плановые работы на участке ВЛ-10кВ.
Согласование №266",,
Ленинградская область,Выборгский район (ЛО),п Волочаевка,ДНП Волочаевское,19-09-2023,10:00,19-09-2023,14:00,Выборгские ЭС,Рощинский РЭС,,,
Ленинградская область,Гатчинский район ,"п.Новинка, д.Новинка, Озерешно, Ольховец, Нестерково, Тарасино, Чаща, Дальний, Воцко, Кремено, Ракитино, СНТ""Новинка"".",,19-09-2023,10:00,19-09-2023,18:00,,,Работы на ПС-35 кВ Новинка.,,
Ленинградская область,Тосненский район,Федоровское,"шоссейная,  Красный Бор,  СНТ ""Микрорайон Самсоновка"" ",19-09-2023,10:00,19-09-2023,17:20,Южные электрические сети,Пушкинский РЭС,,,
Ленинградская область,Ломоносовский район,"д.Порзолово Болото,  СНТ ""Московка"",  СНТ ""Гнездо"" и др.","ч/с,  промзона и др. объекты",19-09-2023,10:00,19-09-2023,18:00,Южные электрические сети,Петродворцовый  РЭС,"Неплановые работы по ремонту ППр-394, перенос токоразделов.",,
Ленинградская область,Ломоносовский район,"д.Кабацкое,  д.Ускуля,  д.Кукушкино,  д. Кузнецы,  д. Б. Коновалово,  ДНП ""Лада"",  ДНП ""Дружное"",  и др.",ч/с промзона и пр.,19-09-2023,10:00,19-09-2023,18:00,Южные электрические сети,Петродворцовый  РЭС,"Работы по монтажу опор ВЛ-6кВ, Ф.Гидроприбор-12, от РК-15 в сторону ТП-841П.",,
Ленинградская область,Выборгский район (СПб),"п.Возрождение,  п.Глубокое",частично,19-09-2023,10:00,19-09-2023,17:00,Выборгские ЭС,Выборгский РЭС,,,
Ленинградская область,Выборгский район (ЛО),п.Ермилово,частично,19-09-2023,10:00,22-09-2023,17:00,Выборгские ЭС,Выборгский РЭС,,,
Ленинградская область,Выборгский район (ЛО),п.Козлово,частично,19-09-2023,10:00,19-09-2023,16:00,Выборгские ЭС,Выборгский РЭС,,,
Ленинградская область,Кингисеппский район,Тикопись,,19-09-2023,10:00,19-09-2023,17:00,Кингисеппские ЭС,Кингисеппский РЭС,,,
Ленинградская область,Ломоносовский район,д.Дубки и др.,"ч/с,  промзона и др. объекты",19-09-2023,10:00,19-09-2023,14:00,Южные электрические сети,Петродворцовый  РЭС,Аварийные работы по устранению ДКП (дерево) с ВЛ-6кВ.,,
Санкт-Петербург,Центральный район ,Санкт-Петербург,Советская ул. .д. 11,25-09-2023,13:00,25-09-2023,17:00,Кабельная сеть,Центральный РЭС,,18475.0,"[59.93385598,30.368058042]"
Санкт-Петербург,Центральный район ,Санкт-Петербург,"Советская ул.,  д. 24,  2",25-09-2023,13:00,25-09-2023,17:00,Кабельная сеть,Центральный РЭС,,82115.0,"[59.932431095,30.369875979]"
Санкт-Петербург,Центральный район ,Санкт-Петербург,"ул. Моисеенко,  д. 2,  3,",25-09-2023,13:00,25-09-2023,17:00,Кабельная сеть,Центральный РЭС,,20356.0,"[59.937858699,30.376059968]"
Санкт-Петербург,Центральный район ,Санкт-Петербург,"Дегтярная ул.,  д. 32",25-09-2023,13:00,25-09-2023,17:00,Кабельная сеть,Центральный РЭС,,2427.0,"[59.932651536,30.372682616]"
Санкт-Петербург,Фрунзенский район,г. Санкт-Петербург,"Будапештская ул.,  д. 3,  ",25-09-2023,11:00,25-09-2023,17:00,Кабельная сеть,Невский РЭС,,6126.0,"[59.873298793,30.362795991]"
Санкт-Петербург,Приморский район (СПб),Санкт-Петербург,ул. Долгоозерная д. 12 к. 2,25-09-2023,11:00,25-09-2023,15:00,Кабельная сеть,Западный РЭС,,55120.0,"[60.01719552,30.244746804]"
Санкт-Петербург,Приморский район (СПб),Санкт-Петербург,"ул. Яхтенная д. 32 к. 2,",25-09-2023,10:00,25-09-2023,17:00,Кабельная сеть,Западный РЭС,,206467.0,"[60.003059932,30.221086829]"
Санкт-Петербург,Приморский район (СПб),Санкт-Петербург,"ул. Яхтенная д. 32 к. 3,",25-09-2023,10:00,25-09-2023,17:00,Кабельная сеть,Западный РЭС,,206467.0,"[60.003059932,30.221086829]"
Санкт-Петербург,Приморский район (СПб),Санкт-Петербург,ул. Яхтенная д. 32 к. 4,25-09-2023,10:00,25-09-2023,17:00,Кабельная сеть,Западный РЭС,,206467.0,"[60.003059932,30.221086829]"
Санкт-Петербург,Фрунзенский район,Санкт-Петербург,Волковский пр. д. 32,25-09-2023,10:00,25-09-2023,20:00,Кабельная сеть,Южный РЭС,,17269.0,"[59.896051627,30.357240321]"
Санкт-Петербург,Петроградский район,Санкт-Петербург,"Петровский пр.,  д. 1,  ",25-09-2023,10:00,25-09-2023,18:00,Кабельная сеть,Островной РЭС,Перевод нагрузки на ТП 1501,67868.0,"[59.959000882,30.274999486]"
Санкт-Петербург,Красногвардейский район,Санкт-Петербург,"Пискаревский пр.,  д.35,  3",25-09-2023,10:00,25-09-2023,21:00,Кабельная сеть,Восточный РЭС,,107505.0,"[59.976990989,30.419179678]"
Санкт-Петербург,Красногвардейский район,Санкт-Петербург,"Блюхера пр.,  д.38",25-09-2023,10:00,25-09-2023,21:00,Кабельная сеть,Восточный РЭС,,75569.0,"[59.976172861,30.421063331]"
Санкт-Петербург,Центральный район ,Санкт-Петербург,"Джамбула пер.,  д. 9, 8",25-09-2023,10:00,25-09-2023,18:00,Кабельная сеть,Центральный РЭС,,3091.0,"[59.925560015,30.334392522]"
Санкт-Петербург,Центральный район ,Санкт-Петербург,"реки Фонтанки,  д. 76, 8",25-09-2023,10:00,25-09-2023,18:00,Кабельная сеть,Центральный РЭС,,87969.0,"[59.926105804,30.336133944]"
Санкт-Петербург,Курортный район,п.Комарово,"Щучье Озеро,  д.3 ",25-09-2023,09:00,25-09-2023,20:00,Северные электрические сети,Курортный РЭС,Установка УТКЗ,84989.0,"[60.214914073,29.784068122]"
Санкт-Петербург,Курортный район,п.Комарово,"Щучьего озера,  д.5 , Б",25-09-2023,09:00,25-09-2023,20:00,Северные электрические сети,Курортный РЭС,Установка УТКЗ,113370.0,"[60.215628718,29.781940276]"
Санкт-Петербург,Курортный район,п.Комарово,"Озера тер,  д.3 ",25-09-2023,09:00,25-09-2023,20:00,Северные электрические сети,Курортный РЭС,Установка УТКЗ,84989.0,"[60.214914073,29.784068122]"
Санкт-Петербург,Курортный район,п.Комарово,"Озера тер,  д.2 , ",25-09-2023,09:00,25-09-2023,20:00,Северные электрические сети,Курортный РЭС,Установка УТКЗ,35775.0,"[60.097179002,30.069724148]"
Санкт-Петербург,Курортный район,п.Комарово,"Щучье Озеро,  д.2 , ",25-09-2023,09:00,25-09-2023,20:00,Северные электрические сети,Курортный РЭС,Установка УТКЗ,86881.0,"[60.210959162,29.790061516]"
Санкт-Петербург,Курортный район,п.Комарово,"Щучье Озеро,  д.2Б",25-09-2023,09:00,25-09-2023,20:00,Северные электрические сети,Курортный РЭС,Установка УТКЗ,197560.0,"[60.096404862,30.070738185]"
Санкт-Петербург,Курортный район,п.Лисий Нос,"Дубки ул,  д.28  ,  ",25-09-2023,09:00,25-09-2023,20:00,Северные электрические сети,Курортный РЭС,"ремонт ВЛ-0,4кВ",89130.0,"[60.005458347,29.99219645]"
Санкт-Петербург,Курортный район,п.Лисий Нос,"Дубки ул,  д.31  ,  ",25-09-2023,09:00,25-09-2023,20:00,Северные электрические сети,Курортный РЭС,"ремонт ВЛ-0,4кВ",127977.0,"[60.005832044,29.992954919]"
Санкт-Петербург,Курортный район,п.Лисий Нос,"Дубки ул,  д.33  ,  ",25-09-2023,09:00,25-09-2023,20:00,Северные электрические сети,Курортный РЭС,"ремонт ВЛ-0,4кВ",34290.0,"[60.00596656,29.992415548]"
Санкт-Петербург,Курортный район,п.Лисий Нос,"Дубки ул,  д.37  ,  ",25-09-2023,09:00,25-09-2023,20:00,Северные электрические сети,Курортный РЭС,"ремонт ВЛ-0,4кВ",77127.0,"[60.006280109,29.99141099]"
Санкт-Петербург,Курортный район,п.Лисий Нос,"Пограничная ул,  д.32 А",25-09-2023,09:00,25-09-2023,20:00,Северные электрические сети,Курортный РЭС,"ремонт ВЛ-0,4кВ",110948.0,"[60.010987952,29.993625408]"
Санкт-Петербург,Курортный район,п.Лисий Нос,"Пограничная ул,  д.49  ,  ",25-09-2023,09:00,25-09-2023,20:00,Северные электрические сети,Курортный РЭС,"ремонт ВЛ-0,4кВ",9395.0,"[60.126638147,30.128623402]"
Санкт-Петербург,Курортный район,п.Лисий Нос,"Пограничная ул,  д.50  ,  ",25-09-2023,09:00,25-09-2023,20:00,Северные электрические сети,Курортный РЭС,"ремонт ВЛ-0,4кВ",220313.0,"[60.008974097,29.99206443]"
Санкт-Петербург,Курортный район,п.Лисий Нос,"Пограничная ул,  д.51  ,  ",25-09-2023,09:00,25-09-2023,20:00,Северные электрические сети,Курортный РЭС,"ремонт ВЛ-0,4кВ",38747.0,"[60.126343221,30.129258547]"
Санкт-Петербург,Курортный район,п.Лисий Нос,"Пограничная ул,  д.53  ,  ",25-09-2023,09:00,25-09-2023,20:00,Северные электрические сети,Курортный РЭС,"ремонт ВЛ-0,4кВ",86457.0,"[60.007886752,29.990147743]"
Санкт-Петербург,Курортный район,п.Лисий Нос,"Пограничная ул,  д.54  ,  ",25-09-2023,09:00,25-09-2023,20:00,Северные электрические сети,Курортный РЭС,"ремонт ВЛ-0,4кВ",98498.0,"[60.008574923,29.991613511]"
Санкт-Петербург,Курортный район,п.Лисий Нос,"Пограничная ул,  д.59 А",25-09-2023,09:00,25-09-2023,20:00,Северные электрические сети,Курортный РЭС,"ремонт ВЛ-0,4кВ",25050.0,"[60.127256009,30.131552653]"
Санкт-Петербург,Курортный район,п.Лисий Нос,"Пограничная ул,  д.62  ,  ",25-09-2023,09:00,25-09-2023,20:00,Северные электрические сети,Курортный РЭС,"ремонт ВЛ-0,4кВ",100539.0,"[60.128181605,30.13249781]"
Санкт-Петербург,Курортный район,п.Лисий Нос,"Пограничная ул,  д.64  ,  ",25-09-2023,09:00,25-09-2023,20:00,Северные электрические сети,Курортный РЭС,"ремонт ВЛ-0,4кВ",75047.0,"[60.127975907,30.133013673]"
Санкт-Петербург,Курортный район,п.Лисий Нос,"Дубки ул,  д.37 А",25-09-2023,09:00,25-09-2023,20:00,Северные электрические сети,Курортный РЭС,"ремонт ВЛ-0,4кВ",77127.0,"[60.006280109,29.99141099]"
Санкт-Петербург,Курортный район,п.Лисий Нос,"Дубки ул,  д.38  ,  ",25-09-2023,09:00,25-09-2023,20:00,Северные электрические сети,Курортный РЭС,"ремонт ВЛ-0,4кВ",55325.0,"[60.006234822,29.9894273]"
Санкт-Петербург,Курортный район,п.Лисий Нос,"Дубки ул,  д.39  ,  ",25-09-2023,09:00,25-09-2023,20:00,Северные электрические сети,Курортный РЭС,"ремонт ВЛ-0,4кВ",99772.0,"[60.006448898,29.990762615]"
Санкт-Петербург,Курортный район,п.Лисий Нос,"Дубки ул,  д.41 А",25-09-2023,09:00,25-09-2023,20:00,Северные электрические сети,Курортный РЭС,"ремонт ВЛ-0,4кВ",93246.0,"[60.006549853,29.990455897]"
Санкт-Петербург,Курортный район,п.Лисий Нос,"Пограничная ул,  д.38 А",25-09-2023,09:00,25-09-2023,20:00,Северные электрические сети,Курортный РЭС,"ремонт ВЛ-0,4кВ",36432.0,"[60.010403344,29.993107075]"
Санкт-Петербург,Курортный район,п.Лисий Нос,"Пограничная ул,  д.50 А",25-09-2023,09:00,25-09-2023,20:00,Северные электрические сети,Курортный РЭС,"ремонт ВЛ-0,4кВ",220313.0,"[60.008974097,29.99206443]"
Санкт-Петербург,Курортный район,п.Лисий Нос,"Пограничная ул,  д.58  ,  ",25-09-2023,09:00,25-09-2023,20:00,Северные электрические сети,Курортный РЭС,"ремонт ВЛ-0,4кВ",11308.0,"[60.008021271,29.991067817]"
Санкт-Петербург,Курортный район,п.Лисий Нос,"Пограничная ул,  д.59  ,  ",25-09-2023,09:00,25-09-2023,20:00,Северные электрические сети,Курортный РЭС,"ремонт ВЛ-0,4кВ",25050.0,"[60.127256009,30.131552653]"
Санкт-Петербург,Курортный район,п.Лисий Нос,"Пограничная ул,  д.61  ,  ",25-09-2023,09:00,25-09-2023,20:00,Северные электрические сети,Курортный РЭС,"ремонт ВЛ-0,4кВ",60111.0,"[60.127336081,30.131992656]"
Санкт-Петербург,Курортный район,п.Лисий Нос,"Пограничная ул,  д.62 А",25-09-2023,09:00,25-09-2023,20:00,Северные электрические сети,Курортный РЭС,"ремонт ВЛ-0,4кВ",100539.0,"[60.128181605,30.13249781]"
Санкт-Петербург,Курортный район,п.Лисий Нос,"Дубки ул,  д.29  ,  ",25-09-2023,09:00,25-09-2023,20:00,Северные электрические сети,Курортный РЭС,"ремонт ВЛ-0,4кВ",30405.0,"[60.005930911,29.99390417]"
Санкт-Петербург,Курортный район,п.Лисий Нос,"Дубки ул,  д.43  ,  ",25-09-2023,09:00,25-09-2023,20:00,Северные электрические сети,Курортный РЭС,"ремонт ВЛ-0,4кВ",98455.0,"[60.006772664,29.989721098]"
Санкт-Петербург,Курортный район,п.Лисий Нос,"Пограничная ул,  д.64 А",25-09-2023,09:00,25-09-2023,20:00,Северные электрические сети,Курортный РЭС,"ремонт ВЛ-0,4кВ",75047.0,"[60.127975907,30.133013673]"
Санкт-Петербург,Курортный район,п.Лисий Нос,"Дубки ул,  д.40  ,  ",25-09-2023,09:00,25-09-2023,20:00,Северные электрические сети,Курортный РЭС,"ремонт ВЛ-0,4кВ",89492.0,"[60.006328673,29.989003355]"
Санкт-Петербург,Курортный район,п.Лисий Нос,"Пограничная ул,  д.52  ,  ",25-09-2023,09:00,25-09-2023,20:00,Северные электрические сети,Курортный РЭС,"ремонт ВЛ-0,4кВ",82110.0,"[60.008788735,29.991816558]"
Санкт-Петербург,Курортный район,п.Лисий Нос,"Дубки ул,  д.32  лит.А",25-09-2023,09:00,25-09-2023,20:00,Северные электрические сети,Курортный РЭС,"ремонт ВЛ-0,4кВ",19305.0,"[60.005906866,29.990858836]"
Санкт-Петербург,Курортный район,п.Лисий Нос,"Дубки ул,  д.34  лит.А",25-09-2023,09:00,25-09-2023,20:00,Северные электрические сети,Курортный РЭС,"ремонт ВЛ-0,4кВ",61910.0,"[60.006150604,29.990284831]"
Санкт-Петербург,Курортный район,п.Лисий Нос,"Дубки ул,  д.41  лит.А",25-09-2023,09:00,25-09-2023,20:00,Северные электрические сети,Курортный РЭС,"ремонт ВЛ-0,4кВ",93246.0,"[60.006549853,29.990455897]"
Санкт-Петербург,Курортный район,п.Лисий Нос,"Дубки ул,  д.29  лит.Б",25-09-2023,09:00,25-09-2023,20:00,Северные электрические сети,Курортный РЭС,"ремонт ВЛ-0,4кВ",54758.0,"[60.005692778,29.993686971]"
Санкт-Петербург,Курортный район,п.Лисий Нос,"Пограничная ул,  д.56  ,  ",25-09-2023,09:00,25-09-2023,20:00,Северные электрические сети,Курортный РЭС,"ремонт ВЛ-0,4кВ",110819.0,"[60.008405007,29.99149596]"
Санкт-Петербург,Курортный район,п.Лисий Нос,"Пограничная ул,  д.56  ,  ",25-09-2023,09:00,25-09-2023,20:00,Северные электрические сети,Курортный РЭС,"ремонт ВЛ-0,4кВ",110819.0,"[60.008405007,29.99149596]"
Санкт-Петербург,Курортный район,п.Лисий Нос,"Пограничная ул,  д.52 А",25-09-2023,09:00,25-09-2023,20:00,Северные электрические сети,Курортный РЭС,"ремонт ВЛ-0,4кВ",82110.0,"[60.008788735,29.991816558]"
Санкт-Петербург,Курортный район,п.Лисий Нос,"Пограничная ул,  д.51 А",25-09-2023,09:00,25-09-2023,20:00,Северные электрические сети,Курортный РЭС,"ремонт ВЛ-0,4кВ",38747.0,"[60.126343221,30.129258547]"
Санкт-Петербург,Курортный район,п.Лисий Нос,"Дубки ул,  д.42  ,  ",25-09-2023,09:00,25-09-2023,20:00,Северные электрические сети,Курортный РЭС,"ремонт ВЛ-0,4кВ",212790.0,"[60.006666568,29.988544373]"
Санкт-Петербург,Курортный район,п.Лисий Нос,"Пограничная ул,  д.10 А",25-09-2023,09:00,25-09-2023,20:00,Северные электрические сети,Курортный РЭС,"ремонт ВЛ-0,4кВ",38484.0,"[60.186890747,29.837362008]"
Санкт-Петербург,Курортный район,п.Лисий Нос,"Дубки ул,  д.29 А",25-09-2023,09:00,25-09-2023,20:00,Северные электрические сети,Курортный РЭС,"ремонт ВЛ-0,4кВ",30405.0,"[60.005930911,29.99390417]"
Санкт-Петербург,Курортный район,п.Лисий Нос,"Дубки ул,  д.34 А",25-09-2023,09:00,25-09-2023,20:00,Северные электрические сети,Курортный РЭС,"ремонт ВЛ-0,4кВ",61910.0,"[60.006150604,29.990284831]"
Санкт-Петербург,Курортный район,п.Лисий Нос,"Дубки ул,  д.53 А",25-09-2023,09:00,25-09-2023,20:00,Северные электрические сети,Курортный РЭС,"ремонт ВЛ-0,4кВ",110997.0,"[60.00774628,29.986929297]"
Санкт-Петербург,Курортный район,п.Лисий Нос,"Пограничная ул,  д.54 А",25-09-2023,09:00,25-09-2023,20:00,Северные электрические сети,Курортный РЭС,"ремонт ВЛ-0,4кВ",98498.0,"[60.008574923,29.991613511]"
Санкт-Петербург,Курортный район,п.Лисий Нос,"Пограничная ул,  д.53 А",25-09-2023,09:00,25-09-2023,20:00,Северные электрические сети,Курортный РЭС,"ремонт ВЛ-0,4кВ",86457.0,"[60.007886752,29.990147743]"
Санкт-Петербург,Курортный район,п.Лисий Нос,"Дубки ул,  д.36 А",25-09-2023,09:00,25-09-2023,20:00,Северные электрические сети,Курортный РЭС,"ремонт ВЛ-0,4кВ",88765.0,"[60.006038904,29.989697302]"
Санкт-Петербург,Курортный район,п.Лисий Нос,"Пограничная ул,  д.40 А",25-09-2023,09:00,25-09-2023,20:00,Северные электрические сети,Курортный РЭС,"ремонт ВЛ-0,4кВ",91562.0,"[60.010241167,29.993379593]"
Санкт-Петербург,Курортный район,п.Лисий Нос,"Дубки ул,  д.41 Б",25-09-2023,09:00,25-09-2023,20:00,Северные электрические сети,Курортный РЭС,"ремонт ВЛ-0,4кВ",6768.0,"[60.006796149,29.990521791]"
Санкт-Петербург,Курортный район,п.Лисий Нос,"Дубки ул,  д.32 А",25-09-2023,09:00,25-09-2023,20:00,Северные электрические сети,Курортный РЭС,"ремонт ВЛ-0,4кВ",19305.0,"[60.005906866,29.990858836]"
Санкт-Петербург,Курортный район,п.Лисий Нос,"Пограничная ул,  д.49 А",25-09-2023,09:00,25-09-2023,20:00,Северные электрические сети,Курортный РЭС,"ремонт ВЛ-0,4кВ",9395.0,"[60.126638147,30.128623402]"
Санкт-Петербург,Курортный район,п.Лисий Нос,"Пограничная ул,  д.60 А",25-09-2023,09:00,25-09-2023,20:00,Северные электрические сети,Курортный РЭС,"ремонт ВЛ-0,4кВ",50977.0,"[60.007836011,29.991020005]"
Санкт-Петербург,Курортный район,п.Лисий Нос,"Дубки ул,  д.29 Б",25-09-2023,09:00,25-09-2023,20:00,Северные электрические сети,Курортный РЭС,"ремонт ВЛ-0,4кВ",54758.0,"[60.005692778,29.993686971]"
Санкт-Петербург,Курортный район,п.Лисий Нос,"Дубки ул,  д.30 А",25-09-2023,09:00,25-09-2023,20:00,Северные электрические сети,Курортный РЭС,"ремонт ВЛ-0,4кВ",56241.0,"[60.005624,29.991573906]"
Санкт-Петербург,Курортный район,п.Лисий Нос,"Дубки ул,  д.39 А",25-09-2023,09:00,25-09-2023,20:00,Северные электрические сети,Курортный РЭС,"ремонт ВЛ-0,4кВ",99772.0,"[60.006448898,29.990762615]"
Санкт-Петербург,Курортный район,п.Лисий Нос,"Дубки ул,  д.31 А",25-09-2023,09:00,25-09-2023,20:00,Северные электрические сети,Курортный РЭС,"ремонт ВЛ-0,4кВ",127977.0,"[60.005832044,29.992954919]"
Санкт-Петербург,Курортный район,п.Лисий Нос,"Пограничная ул,  д.56 А",25-09-2023,09:00,25-09-2023,20:00,Северные электрические сети,Курортный РЭС,"ремонт ВЛ-0,4кВ",110819.0,"[60.008405007,29.99149596]"
Санкт-Петербург,Курортный район,п.Лисий Нос,"Пограничная ул,  д.30 А",25-09-2023,09:00,25-09-2023,20:00,Северные электрические сети,Курортный РЭС,"ремонт ВЛ-0,4кВ",91042.0,"[60.011182913,29.993855019]"
Санкт-Петербург,Курортный район,п.Лисий Нос,"Пограничная ул,  д.49  ,  ",25-09-2023,09:00,25-09-2023,20:00,Северные электрические сети,Курортный РЭС,"ремонт ВЛ-0,4кВ",9395.0,"[60.126638147,30.128623402]"
Санкт-Петербург,Курортный район,п.Лисий Нос,"Дубки ул,  д.50 А",25-09-2023,09:00,25-09-2023,20:00,Северные электрические сети,Курортный РЭС,"ремонт ВЛ-0,4кВ",52261.0,"[60.007395322,29.986825468]"
Санкт-Петербург,Курортный район,п.Лисий Нос,"Дубки ул,  д.40 А",25-09-2023,09:00,25-09-2023,20:00,Северные электрические сети,Курортный РЭС,"ремонт ВЛ-0,4кВ",89492.0,"[60.006328673,29.989003355]"
Санкт-Петербург,Курортный район,п.Лисий Нос,"Пограничная ул,  д.58 А",25-09-2023,09:00,25-09-2023,20:00,Северные электрические сети,Курортный РЭС,"ремонт ВЛ-0,4кВ",11308.0,"[60.008021271,29.991067817]"
Санкт-Петербург,Курортный район,п.Лисий Нос,"Пограничная ул,  д.61 А",25-09-2023,09:00,25-09-2023,20:00,Северные электрические сети,Курортный РЭС,"ремонт ВЛ-0,4кВ",60111.0,"[60.127336081,30.131992656]"
Санкт-Петербург,Курортный район,п.Лисий Нос,"Пограничная ул,  д.41 А",25-09-2023,09:00,25-09-2023,20:00,Северные электрические сети,Курортный РЭС,"ремонт ВЛ-0,4кВ",37112.0,"[60.126232468,30.126564693]"
Ленинградская область,Бокситогорский район,"с. Сомино,  д.Забелье,  д. Вожани.","Колхозная,  Советская д.1",25-09-2023,06:00,25-09-2023,18:00,Тихвинские ЭС,Бокситогорский РЭС,,12247.0,"[59.997727736,30.148422852]"
Санкт-Петербург,Невский район,г. Санкт-Петербург,"ул. Седова,  д. 95,  ",24-09-2023,10:00,24-09-2023,17:00,Кабельная сеть,Невский РЭС,,1936.0,"[59.866433261,30.441208109]"
Санкт-Петербург,Красногвардейский район,Санкт-Петербург,"пр.Мечникова,  д.19,  1",24-09-2023,10:00,24-09-2023,20:00,Кабельная сеть,Восточный РЭС,,2293.0,"[59.985556037,30.413493359]"
Санкт-Петербург,Пушкинский район,"г. Пушкин,  п. Александровская","Волхонское ш. д. 32,  4",23-09-2023,09:00,23-09-2023,19:00,Южные электрические сети,Пушкинский РЭС,В указанный период на 2-3 часа,103519.0,"[59.732233414,30.349243999]"
Санкт-Петербург,Пушкинский район,"г. Пушкин,  п. Александровская","Волхонское ш. д. 32,  4",23-09-2023,09:00,23-09-2023,19:00,Южные электрические сети,Пушкинский РЭС,В указанный период на 2-3 часа,103519.0,"[59.732233414,30.349243999]"
Санкт-Петербург,Пушкинский район,"г. Пушкин,  п. Александровская","Рабочий пер.,  д. 17,  ",23-09-2023,09:00,23-09-2023,19:00,Южные электрические сети,Пушкинский РЭС,В указанный период на 2-3 часа,215149.0,"[59.734036768,30.349695019]"
Санкт-Петербург,Пушкинский район,"г. Пушкин,  п. Александровская","Линенградское ш.,  д. 40. 3",23-09-2023,09:00,23-09-2023,19:00,Южные электрические сети,Пушкинский РЭС,В указанный период на 2-3 часа,124294.0,"[59.73406587,30.350865344]"
Санкт-Петербург,Пушкинский район,г. Пушкин,Саперная. д. 55 к1,22-09-2023,22:00,23-09-2023,07:00,Южные электрические сети,Пушкинский РЭС,,213099.0,"[59.701356243,30.40197155]"
Санкт-Петербург,Невский район,г. Санкт-Петербург,"Ольги Берггольц,  д. 12,  ",22-09-2023,11:00,22-09-2023,17:00,Кабельная сеть,Невский РЭС,,187262.0,"[59.895276488,30.427757718]"
Санкт-Петербург,Невский район,г. Санкт-Петербург,"ул. Бабушкина,  д. 14,  ",22-09-2023,11:00,22-09-2023,17:00,Кабельная сеть,Невский РЭС,,57410.0,"[59.89572048,30.425360208]"
Санкт-Петербург,Выборгский район (СПб),Санкт-Петербург,Ивана Фомина д. 9. ,22-09-2023,11:00,22-09-2023,17:00,Кабельная сеть,Северный РЭС,,5052.0,"[60.049312316,30.346900465]"
Санкт-Петербург,Выборгский район (СПб),Санкт-Петербург,пр. Просвещения д. 35,22-09-2023,11:00,22-09-2023,17:00,Кабельная сеть,Северный РЭС,,34895.0,"[60.049096075,30.350241344]"
Санкт-Петербург,Фрунзенский район,Санкт-Петербург,Нефтяная дорога д. 3 ,22-09-2023,11:00,22-09-2023,15:00,Кабельная сеть,Южный РЭС,,98553.0,"[59.907900551,30.369201375]"
Санкт-Петербург,Приморский район (СПб),Санкт-Петербург,бул. Серебристый д. 9 к. 2,22-09-2023,10:00,22-09-2023,18:00,Кабельная сеть,Западный РЭС,,16797.0,"[60.001074264,30.282595955]"
Санкт-Петербург,Приморский район (СПб),Санкт-Петербург,бул. Серебристый д. 11 к. 2,22-09-2023,10:00,22-09-2023,18:00,Кабельная сеть,Западный РЭС,,103429.0,"[60.002300765,30.282567354]"
Санкт-Петербург,Приморский район (СПб),Санкт-Петербург,бул. Серебристый д. 11 к. 1,22-09-2023,10:00,22-09-2023,18:00,Кабельная сеть,Западный РЭС,,103429.0,"[60.002300765,30.282567354]"
Санкт-Петербург,Приморский район (СПб),Санкт-Петербург,бул. Серебристый д. 13 ,22-09-2023,10:00,22-09-2023,18:00,Кабельная сеть,Западный РЭС,,20651.0,"[60.002803097,30.282039516]"
Санкт-Петербург,Приморский район (СПб),Санкт-Петербург,бул. Серебристый д. 15 ,22-09-2023,10:00,22-09-2023,18:00,Кабельная сеть,Западный РЭС,,85778.0,"[60.00316231,30.285128366]"
Санкт-Петербург,Петроградский район,Санкт-Петербург,"ул. Зверинская,  д. 28",22-09-2023,10:00,22-09-2023,18:00,Кабельная сеть,Островной РЭС,,82987.0,"[59.953225406,30.300903603]"
Санкт-Петербург,Красногвардейский район,Санкт-Петербург,"Блюхера пр.,  д.67",22-09-2023,10:00,22-09-2023,20:00,Кабельная сеть,Восточный РЭС,,38559.0,"[59.973813812,30.432943268]"
Санкт-Петербург,Красногвардейский район,Санкт-Петербург,"пр.Энергетиков,  д.70",22-09-2023,10:00,22-09-2023,20:00,Кабельная сеть,Восточный РЭС,,85863.0,"[59.972007733,30.435387877]"
Санкт-Петербург,Московский район,Санкт-Петербург,"Предпортовый пр. д. 14,  ",22-09-2023,10:00,22-09-2023,16:00,Кабельная сеть,Южный РЭС,,131482.0,"[59.832028033,30.313081293]"
Санкт-Петербург,Пушкинский район,г. Пушкин,Колпинское ш. д. 35А,22-09-2023,10:00,22-09-2023,20:00,Южные электрические сети,Пушкинский РЭС,,130818.0,"[59.725215989,30.44864317]"
Санкт-Петербург,Пушкинский район,Пушкин,"Средняя,  д. 22, 15, 3,",22-09-2023,10:00,22-09-2023,17:00,Южные электрические сети,Пушкинский РЭС,"Леонтьевская, д. 11,18 ночные переключений в период с 22:00 до 07:00  21-22 и 22-23сентября",68236.0,"[59.717389503,30.404177116]"
Санкт-Петербург,Пушкинский район,Пушкин,"Оранжерейная,  д. 6/14,  2",22-09-2023,10:00,22-09-2023,17:00,Южные электрические сети,Пушкинский РЭС,"Леонтьевская, д. 11,18 ночные переключений в период с 22:00 до 07:00  21-22 и 22-23сентября",9239.0,"[59.918852774,29.742805379]"
Санкт-Петербург,Пушкинский район,Пушкин,"Леонтьевская,  д. 3/7,  1",22-09-2023,10:00,22-09-2023,17:00,Южные электрические сети,Пушкинский РЭС,"Леонтьевская, д. 11,18 ночные переключений в период с 22:00 до 07:00  21-22 и 22-23сентября",43385.0,"[59.717082142,30.401286167]"
Санкт-Петербург,Пушкинский район,"г. Пушкин,  п. Александровская","Волхонское ш. д. 32,  4",22-09-2023,10:00,22-09-2023,21:00,Южные электрические сети,Пушкинский РЭС,,103519.0,"[59.732233414,30.349243999]"
Санкт-Петербург,Курортный район,п.Молодежное,"Приморское ш,  д.661, ",22-09-2023,09:00,22-09-2023,20:00,Северные электрические сети,Курортный РЭС,Замена трансформаторов тока,12575.0,"[60.193163623,29.518542354]"
Санкт-Петербург,Курортный район,п.Молодежное,"Правды ул,  д.3 ,  ",22-09-2023,09:00,22-09-2023,20:00,Северные электрические сети,Курортный РЭС,Замена трансформаторов тока,13240.0,"[59.924412048,30.343279545]"
Санкт-Петербург,Курортный район,п.Молодежное,"Правды ул,  д.5 ,  ",22-09-2023,09:00,22-09-2023,20:00,Северные электрические сети,Курортный РЭС,Замена трансформаторов тока,76390.0,"[59.923934792,30.342801144]"
Санкт-Петербург,Курортный район,п.Молодежное,"Правды ул,  д.5 лит.А",22-09-2023,09:00,22-09-2023,20:00,Северные электрические сети,Курортный РЭС,Замена трансформаторов тока,76390.0,"[59.923934792,30.342801144]"
Санкт-Петербург,Курортный район,п.Молодежное,"Правды ул,  д.6А",22-09-2023,09:00,22-09-2023,20:00,Северные электрические сети,Курортный РЭС,Замена трансформаторов тока,18355.0,"[59.923996854,30.343854038]"
Санкт-Петербург,Курортный район,п.Молодежное,"Приморское Шоссе,  д.659 ,  ",22-09-2023,09:00,22-09-2023,20:00,Северные электрические сети,Курортный РЭС,Замена трансформаторов тока,43116.0,"[60.193615027,29.519365883]"
Санкт-Петербург,Курортный район,п.Молодежное,"Пер. Правды,  д.6 ,  ",22-09-2023,09:00,22-09-2023,20:00,Северные электрические сети,Курортный РЭС,Замена трансформаторов тока,18355.0,"[59.923996854,30.343854038]"
Санкт-Петербург,Курортный район,п.Молодежное,"Правды ул,  д.5 ",22-09-2023,09:00,22-09-2023,20:00,Северные электрические сети,Курортный РЭС,Замена трансформаторов тока,76390.0,"[59.923934792,30.342801144]"
Санкт-Петербург,Курортный район,п.Молодежное,"Правды ул,  д.5 ",22-09-2023,09:00,22-09-2023,20:00,Северные электрические сети,Курортный РЭС,Замена трансформаторов тока,76390.0,"[59.923934792,30.342801144]"
Санкт-Петербург,Курортный район,п.Молодежное,"Правды ул,  д.6 ",22-09-2023,09:00,22-09-2023,20:00,Северные электрические сети,Курортный РЭС,Замена трансформаторов тока,18355.0,"[59.923996854,30.343854038]"
Санкт-Петербург,Приморский район (СПб),"Лахта,  Ольгино","Колхозная ул,  уч.2",22-09-2023,09:00,22-09-2023,17:00,Северные электрические сети,Песочинский РЭС,"Уведомляем Вас о временном прекращение подачи электрической энергии на объекты нежилых и жилых помещений в посёлке Ольгино на 6 часов в период с 21.09.-22.09.203 с 09:00 до 17:00 в связи с технологическим подключением абонента по заявке №22-049970 филиала ПАО «Россети Ленэнерго» СЭС.

Напряжение на объекты будет подаваться по факту завершения работ без предварительного уведомления. На указанный период производства работ энергоснабжаемые объекты считать под напряжением.",64443.0,"[59.782006284,30.130922511]"
Санкт-Петербург,Приморский район (СПб),"Лахта,  Ольгино","Колхозная ул,  уч.1 ",22-09-2023,09:00,22-09-2023,17:00,Северные электрические сети,Песочинский РЭС,"Уведомляем Вас о временном прекращение подачи электрической энергии на объекты нежилых и жилых помещений в посёлке Ольгино на 6 часов в период с 21.09.-22.09.203 с 09:00 до 17:00 в связи с технологическим подключением абонента по заявке №22-049970 филиала ПАО «Россети Ленэнерго» СЭС.

Напряжение на объекты будет подаваться по факту завершения работ без предварительного уведомления. На указанный период производства работ энергоснабжаемые объекты считать под напряжением.",21417.0,"[60.08514773,30.294784012]"
Санкт-Петербург,Приморский район (СПб),"Лахта,  Ольгино","Партизан ул,  участок 1 ",22-09-2023,09:00,22-09-2023,17:00,Северные электрические сети,Песочинский РЭС,"Уведомляем Вас о временном прекращение подачи электрической энергии на объекты нежилых и жилых помещений в посёлке Ольгино на 6 часов в период с 21.09.-22.09.203 с 09:00 до 17:00 в связи с технологическим подключением абонента по заявке №22-049970 филиала ПАО «Россети Ленэнерго» СЭС.

Напряжение на объекты будет подаваться по факту завершения работ без предварительного уведомления. На указанный период производства работ энергоснабжаемые объекты считать под напряжением.",2201.0,"[59.992371177,30.154950538]"
Санкт-Петербург,Пушкинский район,г. Пушкин,Саперная. д. 55 к1,21-09-2023,22:00,22-09-2023,07:00,Южные электрические сети,Пушкинский РЭС,,213099.0,"[59.701356243,30.40197155]"
Ленинградская область,Тихвинский район,п.Шугозеро,"Советская многоквартирный д. 58, 6",21-09-2023,13:00,21-09-2023,16:00,Тихвинские ЭС,Бокситогорский РЭС,,45478.0,"[59.933801161,30.381933956]"
Санкт-Петербург,Красногвардейский район,Санкт-Петербург,"Революции ш.,  д.102",21-09-2023,12:00,21-09-2023,18:00,Кабельная сеть,Восточный РЭС,,3052.0,"[59.964059451,30.466101937]"
Санкт-Петербург,Московский район,Санкт-Петербург,Предпортовый пр. д. 1,21-09-2023,12:00,21-09-2023,17:00,Кабельная сеть,Южный РЭС,,40777.0,"[59.840733725,30.309697989]"
Санкт-Петербург,Фрунзенский район,г. Санкт-Петербург,"Бухарестская улица,  дом 96,  ",21-09-2023,11:00,21-09-2023,17:00,Кабельная сеть,Невский РЭС,,124989.0,"[59.859894704,30.393356126]"
Санкт-Петербург,Фрунзенский район,г. Санкт-Петербург,"ул. Будапештская,  д. 45,  ",21-09-2023,11:00,21-09-2023,17:00,Кабельная сеть,Невский РЭС,,138587.0,"[59.853719822,30.380893663]"
Санкт-Петербург,Фрунзенский район,г. Санкт-Петербург,"Альпийский пер.,  д. 23,  ",21-09-2023,11:00,21-09-2023,17:00,Кабельная сеть,Невский РЭС,,11960.0,"[59.85237718,30.379813329]"
Санкт-Петербург,Невский район,г. Санкт-Петербург,"ул. Бабушкина,  д. 56,  ",21-09-2023,11:00,21-09-2023,17:00,Кабельная сеть,Невский РЭС,,106529.0,"[59.869510549,30.45112431]"
Санкт-Петербург,Невский район,г. Санкт-Петербург,"ул. Леснозаводская,  д. 3",21-09-2023,11:00,21-09-2023,17:00,Кабельная сеть,Невский РЭС,,53520.0,"[59.868829469,30.454044569]"
Санкт-Петербург,Красногвардейский район,Санкт-Петербург,"пр.Новочеркасский,  д45к2",21-09-2023,11:00,21-09-2023,13:00,Кабельная сеть,Правобережный РЭС,,38961.0,"[59.927472417,30.411479978]"
Санкт-Петербург,Петроградский район,Санкт-Петербург,"Александровский парк,  д. 3",21-09-2023,11:00,21-09-2023,13:00,Кабельная сеть,Островной РЭС,кратковременное гашение на 10мин,108535.0,"[59.954506799,30.32040631]"
Санкт-Петербург,Петроградский район,Санкт-Петербург,"Кронверкская наб.,  д. 3 лит. А",21-09-2023,11:00,21-09-2023,13:00,Кабельная сеть,Островной РЭС,кратковременное гашение на 10мин,110740.0,"[59.9533982,30.32165996]"
Санкт-Петербург,Приморский район (СПб),Санкт-Петербург,"ул. Стародеревенская д. 5,  ",21-09-2023,10:00,21-09-2023,18:00,Кабельная сеть,Западный РЭС,,22742.0,"[59.987119233,30.244563562]"
Санкт-Петербург,Приморский район (СПб),Санкт-Петербург,"ул. Стародеревенская д. 6 к. 1,",21-09-2023,10:00,21-09-2023,18:00,Кабельная сеть,Западный РЭС,,69178.0,"[59.986681643,30.242094829]"
Санкт-Петербург,Приморский район (СПб),Санкт-Петербург,"ул. Школьная д. 86 к. 2,",21-09-2023,10:00,21-09-2023,18:00,Кабельная сеть,Западный РЭС,,14901.0,"[59.987440011,30.241108632]"
Санкт-Петербург,Василеостровский район,Санкт-Петербург,"ул. Наличная,  д. 32 к.1,",21-09-2023,10:00,21-09-2023,18:00,Кабельная сеть,Островной РЭС,,7474.0,"[59.944015464,30.227233059]"
Санкт-Петербург,Красногвардейский район,Санкт-Петербург,"Блюхера пр.,  д.67",21-09-2023,10:00,21-09-2023,20:00,Кабельная сеть,Восточный РЭС,,38559.0,"[59.973813812,30.432943268]"
Санкт-Петербург,Красногвардейский район,Санкт-Петербург,"Энергетиков пр.,  д.70",21-09-2023,10:00,21-09-2023,20:00,Кабельная сеть,Восточный РЭС,,85863.0,"[59.972007733,30.435387877]"
Санкт-Петербург,Центральный район ,Санкт-Петербург,"реки Фонтанки,  д. 49,   5",21-09-2023,10:00,21-09-2023,18:00,Кабельная сеть,Центральный РЭС,Аварийные работы,8401.0,"[59.930061575,30.338260101]"
Санкт-Петербург,Центральный район ,Санкт-Петербург,"пл. Островского,  д. 2,  ",21-09-2023,10:00,21-09-2023,18:00,Кабельная сеть,Центральный РЭС,Аварийные работы,53292.0,"[59.931171586,30.337851669]"
Санкт-Петербург,Центральный район ,Санкт-Петербург,"Зодчего Росси,  д. 2,  ",21-09-2023,10:00,21-09-2023,18:00,Кабельная сеть,Центральный РЭС,Аварийные работы,27419.0,"[59.929859192,30.33568855]"
Санкт-Петербург,Центральный район ,Санкт-Петербург,"пл. Ломоносова,  д. 4",21-09-2023,10:00,21-09-2023,18:00,Кабельная сеть,Центральный РЭС,Аварийные работы,23300.0,"[59.748162287,30.098686994]"
Санкт-Петербург,Красногвардейский район,Санкт-Петербург,"Блюхера пр.,  д.78 лит.",21-09-2023,10:00,21-09-2023,18:00,Кабельная сеть,Восточный РЭС,,207902.0,"[59.975712832,30.472372861]"
Санкт-Петербург,Красногвардейский район,Санкт-Петербург,"Блюхера пр.,  д.78 лит.",21-09-2023,10:00,21-09-2023,18:00,Кабельная сеть,Восточный РЭС,,207902.0,"[59.975712832,30.472372861]"
Санкт-Петербург,Красногвардейский район,Санкт-Петербург,"Блюхера пр.,  д.78 лит.А",21-09-2023,10:00,21-09-2023,18:00,Кабельная сеть,Восточный РЭС,,207902.0,"[59.975712832,30.472372861]"
Санкт-Петербург,Приморский район (СПб),Санкт-Петербург,пр. Авиаконструкторов д. 18 к. 3,21-09-2023,10:00,21-09-2023,21:00,Кабельная сеть,Западный РЭС,,31660.0,"[60.018939215,30.234970221]"
Санкт-Петербург,Пушкинский район,Пушкин,"Средняя,  д. 22, 15, 2",21-09-2023,10:00,21-09-2023,17:00,Южные электрические сети,Пушкинский РЭС,"ул. Средняя, д. 13, 26/8, 24, 18, Оранжерейная, д. 27/12 ночные переключений в период с 22:00 до 07:00 20-21 и 21-22 сентября",68236.0,"[59.717389503,30.404177116]"
Санкт-Петербург,Пушкинский район,Пушкин,"Садовая,  д.э 14,  ",21-09-2023,10:00,21-09-2023,17:00,Южные электрические сети,Пушкинский РЭС,"ул. Средняя, д. 13, 26/8, 24, 18, Оранжерейная, д. 27/12 ночные переключений в период с 22:00 до 07:00 20-21 и 21-22 сентября",92992.0,"[59.716052321,30.401751823]"
Санкт-Петербург,Пушкинский район,Пушкин,"Оранжерейная,  д. 6/14,  2",21-09-2023,10:00,21-09-2023,17:00,Южные электрические сети,Пушкинский РЭС,"ул. Средняя, д. 13, 26/8, 24, 18, Оранжерейная, д. 27/12 ночные переключений в период с 22:00 до 07:00 20-21 и 21-22 сентября",9239.0,"[59.918852774,29.742805379]"
Санкт-Петербург,Фрунзенский район,Санкт-Петербург,Волковский пр. д. 32,21-09-2023,10:00,21-09-2023,20:00,Кабельная сеть,Южный РЭС,,17269.0,"[59.896051627,30.357240321]"
Санкт-Петербург,Пушкинский район,"г. Пушкин,  п. Александровская","Волхонское ш. д. 32,  4",21-09-2023,10:00,21-09-2023,21:00,Южные электрические сети,Пушкинский РЭС,,103519.0,"[59.732233414,30.349243999]"
Санкт-Петербург,Пушкинский район,"г. Пушкин,  п. Александровская","Рабочий пер.,  д. 17,  ",21-09-2023,10:00,21-09-2023,21:00,Южные электрические сети,Пушкинский РЭС,,215149.0,"[59.734036768,30.349695019]"
Санкт-Петербург,Пушкинский район,"г. Пушкин,  п. Александровская","Линенградское ш.,  д. 40. 3",21-09-2023,10:00,21-09-2023,21:00,Южные электрические сети,Пушкинский РЭС,,124294.0,"[59.73406587,30.350865344]"
Санкт-Петербург,Петроградский район,Санкт-Петербург,"Северная дорога,  д. 15",21-09-2023,10:00,21-09-2023,18:00,Кабельная сеть,Островной РЭС,,46624.0,"[59.97561776,30.215591452]"
Санкт-Петербург,Красносельский район,г. Санкт-Петербург,"Маршала Казакова,  д.22,  ",21-09-2023,10:00,21-09-2023,19:00,Кабельная сеть,Юго-Западный РЭС,,44281.0,"[59.859176683,30.226541602]"
Санкт-Петербург,Курортный район,п.Солнечное,"Петровская наб.,  д.6 ,  2",21-09-2023,09:00,21-09-2023,20:00,Северные электрические сети,Курортный РЭС,ремонт здания ,88590.0,"[59.953299203,30.330836621]"
Санкт-Петербург,Курортный район,п.Солнечное,"Боровая ул,  д.6А",21-09-2023,09:00,21-09-2023,20:00,Северные электрические сети,Курортный РЭС,ремонт здания ,131124.0,"[59.922033436,30.348619798]"
Санкт-Петербург,Курортный район,п.Молодежное,"Приморское ш,  д.648, ",21-09-2023,09:00,21-09-2023,20:00,Северные электрические сети,Курортный РЭС,Замена трансформаторов тока,5811.0,"[60.194583178,29.534356644]"
Санкт-Петербург,Курортный район,п.Молодежное,"Приморское ш,  д.650, ",21-09-2023,09:00,21-09-2023,20:00,Северные электрические сети,Курортный РЭС,Замена трансформаторов тока,70142.0,"[60.194793604,29.527789677]"
Санкт-Петербург,Курортный район,п.Молодежное,"Приморское ш,  д.650А",21-09-2023,09:00,21-09-2023,20:00,Северные электрические сети,Курортный РЭС,Замена трансформаторов тока,70142.0,"[60.194793604,29.527789677]"
Санкт-Петербург,Курортный район,п.Молодежное,"Приморское ш,  д.648А",21-09-2023,09:00,21-09-2023,20:00,Северные электрические сети,Курортный РЭС,Замена трансформаторов тока,5811.0,"[60.194583178,29.534356644]"
Санкт-Петербург,Курортный район,г.Зеленогорск,"Ленина ул.,  д.15А",21-09-2023,09:00,21-09-2023,20:00,Северные электрические сети,Курортный РЭС,Замена трансформаторов тока,38446.0,"[60.080864042,30.253022779]"
Санкт-Петербург,Курортный район,г.Зеленогорск,Комсомольская ул Участок 11,21-09-2023,09:00,21-09-2023,20:00,Северные электрические сети,Курортный РЭС,Замена трансформаторов тока,41007.0,"[59.841817905,30.143346503]"
Ленинградская область,Сланцевский район,Старополье,"Администрация,  Почта,  МКД 1,  2,",21-09-2023,09:00,21-09-2023,16:00,Кингисеппские ЭС,Кингисеппский РЭС,,141446.0,"[60.01203359,29.746089106]"
Санкт-Петербург,Приморский район (СПб),"Лахта,  Ольгино","Колхозная ул,  уч.2",21-09-2023,09:00,21-09-2023,17:00,Северные электрические сети,Песочинский РЭС,"Уведомляем Вас о временном прекращение подачи электрической энергии на объекты нежилых и жилых помещений в посёлке Ольгино на 6 часов в период с 21.09.-22.09.203 с 09:00 до 17:00 в связи с технологическим подключением абонента по заявке №22-049970 филиала ПАО «Россети Ленэнерго» СЭС.

Напряжение на объекты будет подаваться по факту завершения работ без предварительного уведомления. На указанный период производства работ энергоснабжаемые объекты считать под напряжением.
",64443.0,"[59.782006284,30.130922511]"
Санкт-Петербург,Приморский район (СПб),"Лахта,  Ольгино","Колхозная ул,  уч.1 ",21-09-2023,09:00,21-09-2023,17:00,Северные электрические сети,Песочинский РЭС,"Уведомляем Вас о временном прекращение подачи электрической энергии на объекты нежилых и жилых помещений в посёлке Ольгино на 6 часов в период с 21.09.-22.09.203 с 09:00 до 17:00 в связи с технологическим подключением абонента по заявке №22-049970 филиала ПАО «Россети Ленэнерго» СЭС.

Напряжение на объекты будет подаваться по факту завершения работ без предварительного уведомления. На указанный период производства работ энергоснабжаемые объекты считать под напряжением.
",21417.0,"[60.08514773,30.294784012]"
Санкт-Петербург,Приморский район (СПб),"Лахта,  Ольгино","Партизан ул,  участок 1 ",21-09-2023,09:00,21-09-2023,17:00,Северные электрические сети,Песочинский РЭС,"Уведомляем Вас о временном прекращение подачи электрической энергии на объекты нежилых и жилых помещений в посёлке Ольгино на 6 часов в период с 21.09.-22.09.203 с 09:00 до 17:00 в связи с технологическим подключением абонента по заявке №22-049970 филиала ПАО «Россети Ленэнерго» СЭС.

Напряжение на объекты будет подаваться по факту завершения работ без предварительного уведомления. На указанный период производства работ энергоснабжаемые объекты считать под напряжением.
",2201.0,"[59.992371177,30.154950538]"
Санкт-Петербург,Пушкинский район,г. Павловск,"ул. Декабристов д.9,  1",21-09-2023,09:00,21-09-2023,21:00,Южные электрические сети,Пушкинский РЭС,,44474.0,"[59.928632114,30.304569657]"
Санкт-Петербург,Пушкинский район,г. Павловск,"Красного Курсанта д.3, 8",21-09-2023,09:00,21-09-2023,21:00,Южные электрические сети,Пушкинский РЭС,,30910.0,"[59.955055519,30.293235076]"
Санкт-Петербург,Пушкинский район,г. Павловск,"ул. Луначарского д.12, 4,",21-09-2023,09:00,21-09-2023,21:00,Южные электрические сети,Пушкинский РЭС,,110302.0,"[59.681222948,30.460484706]"
Ленинградская область,Гатчинский район ,"Антропшино,  г. Коммунар,  д. Покровское,  Пудомягское сп.,  ,  КП ""Русская усадьба""","Усадьба,  Парковая д.3,  ",21-09-2023,00:00,21-09-2023,07:00,Южные электрические сети,Пушкинский РЭС,,4791.0,"[59.890158476,30.337304913]"
Санкт-Петербург,Колпинский район,п. Усть-Славянка,Советский проспект д. 39 ,20-09-2023,13:00,20-09-2023,17:00,Южные электрические сети,Колпинский РЭС,,125592.0,"[60.067745755,29.974647109]"
Санкт-Петербург,Колпинский район,п. Усть-Славянка,ул. Гудиловская д. 6 ,20-09-2023,13:00,20-09-2023,17:00,Южные электрические сети,Колпинский РЭС,,224707.0,"[60.220719677,29.753231911]"
Санкт-Петербург,Петроградский район,Санкт-Петербург,"Петроградская наб.,  д. 2",20-09-2023,12:00,20-09-2023,18:00,Кабельная сеть,Островной РЭС,Перевод нагрузки на Т-2,86576.0,"[59.955837928,30.335591332]"
Санкт-Петербург,Петроградский район,Санкт-Петербург,"ул. Куйбышева,  д. 23 к.2",20-09-2023,12:00,20-09-2023,18:00,Кабельная сеть,Островной РЭС,Перевод нагрузки на Т-2,104620.0,"[59.95632516,30.331785132]"
Санкт-Петербург,Невский район,г. Санкт-Петербург,"пр. Елизарова,  д. 16,  ",20-09-2023,11:00,20-09-2023,15:00,Кабельная сеть,Невский РЭС,кратковременно на 1-1.5 часа,51867.0,"[59.895133633,30.422235824]"
Санкт-Петербург,Пушкинский район,тер. Пулковское,Пулковское ш. д.103 ,20-09-2023,10:00,20-09-2023,17:20,Южные электрические сети,Пушкинский РЭС,,113348.0,"[59.753306729,30.311305088]"
Санкт-Петербург,Курортный район,п.Ушково,"Вокзальная ул,  д.4,    ",20-09-2023,09:00,20-09-2023,20:00,Северные электрические сети,Курортный РЭС,Капитальный ремонт здания ТП,69045.0,"[59.780140032,30.130261813]"
Санкт-Петербург,Курортный район,п.Ушково,"Вокзальная ул,  д.6,    ",20-09-2023,09:00,20-09-2023,20:00,Северные электрические сети,Курортный РЭС,Капитальный ремонт здания ТП,42975.0,"[59.780347475,30.130523619]"
Санкт-Петербург,Курортный район,п.Ушково,"Вокзальная ул,  д.6,  ",20-09-2023,09:00,20-09-2023,20:00,Северные электрические сети,Курортный РЭС,Капитальный ремонт здания ТП,42975.0,"[59.780347475,30.130523619]"
Санкт-Петербург,Курортный район,п.Ушково,"Вокзальная ул,  д.8,    ",20-09-2023,09:00,20-09-2023,20:00,Северные электрические сети,Курортный РЭС,Капитальный ремонт здания ТП,109602.0,"[59.780512153,30.129921976]"
Санкт-Петербург,Курортный район,п.Ушково,"Вокзальная ул,  д.9,    ",20-09-2023,09:00,20-09-2023,20:00,Северные электрические сети,Курортный РЭС,Капитальный ремонт здания ТП,45273.0,"[60.20656022,29.701538569]"
Санкт-Петербург,Курортный район,п.Ушково,"Вокзальная ул,  д.10,    ",20-09-2023,09:00,20-09-2023,20:00,Северные электрические сети,Курортный РЭС,Капитальный ремонт здания ТП,88210.0,"[60.215482374,29.622756544]"
Санкт-Петербург,Курортный район,п.Ушково,"Сосновая ул,  д.6,   ",20-09-2023,09:00,20-09-2023,20:00,Северные электрические сети,Курортный РЭС,Капитальный ремонт здания ТП,89903.0,"[60.109643142,29.953841305]"
Санкт-Петербург,Курортный район,п.Ушково,"Детская ул,  д.41,   ",20-09-2023,09:00,20-09-2023,20:00,Северные электрические сети,Курортный РЭС,Капитальный ремонт здания ТП,131438.0,"[60.217566508,29.627985473]"
Санкт-Петербург,Курортный район,п.Ушково,"Почтовый пер,  д.8,   ",20-09-2023,09:00,20-09-2023,20:00,Северные электрические сети,Курортный РЭС,Капитальный ремонт здания ТП,18601.0,"[60.216938504,29.631044147]"
Санкт-Петербург,Курортный район,п.Ушково,"Сосновая ул,  д.6,   ",20-09-2023,09:00,20-09-2023,20:00,Северные электрические сети,Курортный РЭС,Капитальный ремонт здания ТП,89903.0,"[60.109643142,29.953841305]"
Санкт-Петербург,Курортный район,п.Ушково,"Сосновая ул,  д.6,    ",20-09-2023,09:00,20-09-2023,20:00,Северные электрические сети,Курортный РЭС,Капитальный ремонт здания ТП,89903.0,"[60.109643142,29.953841305]"
Санкт-Петербург,Курортный район,п.Ушково,"Вокзальная ул,  д.11, ",20-09-2023,09:00,20-09-2023,20:00,Северные электрические сети,Курортный РЭС,Капитальный ремонт здания ТП,198698.0,"[59.750000719,30.610661513]"
Санкт-Петербург,Курортный район,п.Ушково,"Детская ул,  д.32,    ",20-09-2023,09:00,20-09-2023,20:00,Северные электрические сети,Курортный РЭС,Капитальный ремонт здания ТП,74278.0,"[59.933199923,30.247232207]"
Санкт-Петербург,Курортный район,п.Ушково,"Детская ул,  д.37,  ",20-09-2023,09:00,20-09-2023,20:00,Северные электрические сети,Курортный РЭС,Капитальный ремонт здания ТП,129525.0,"[60.216865615,29.628690813]"
Санкт-Петербург,Курортный район,п.Ушково,"Детская ул,  д.41,    ",20-09-2023,09:00,20-09-2023,20:00,Северные электрические сети,Курортный РЭС,Капитальный ремонт здания ТП,131438.0,"[60.217566508,29.627985473]"
Санкт-Петербург,Курортный район,п.Ушково,"Сосновая ул,  д.9,    ",20-09-2023,09:00,20-09-2023,20:00,Северные электрические сети,Курортный РЭС,Капитальный ремонт здания ТП,207423.0,"[60.216964301,29.622405983]"
Санкт-Петербург,Курортный район,п.Ушково,"Почтовый Пер.,  д.10лит.А",20-09-2023,09:00,20-09-2023,20:00,Северные электрические сети,Курортный РЭС,Капитальный ремонт здания ТП,4890.0,"[60.217065129,29.631651743]"
Санкт-Петербург,Курортный район,п.Ушково,"Сосновая ул,  д.11лит.А",20-09-2023,09:00,20-09-2023,20:00,Северные электрические сети,Курортный РЭС,Капитальный ремонт здания ТП,49916.0,"[60.110227966,29.956999385]"
Санкт-Петербург,Курортный район,п.Ушково,"Почтовая Ул.,  д.5,    ",20-09-2023,09:00,20-09-2023,20:00,Северные электрические сети,Курортный РЭС,Капитальный ремонт здания ТП,187520.0,"[60.217181328,29.62707432]"
Санкт-Петербург,Курортный район,п.Ушково,"Вокзальная ул,  д.3,   ",20-09-2023,09:00,20-09-2023,20:00,Северные электрические сети,Курортный РЭС,Капитальный ремонт здания ТП,84109.0,"[59.780037182,30.13096855]"
Санкт-Петербург,Курортный район,п.Ушково,"Почтовый Пер.,  д.8лит.А",20-09-2023,09:00,20-09-2023,20:00,Северные электрические сети,Курортный РЭС,Капитальный ремонт здания ТП,18601.0,"[60.216938504,29.631044147]"
Санкт-Петербург,Курортный район,п.Ушково,Почтовая Ул уч. 7 ,20-09-2023,09:00,20-09-2023,20:00,Северные электрические сети,Курортный РЭС,Капитальный ремонт здания ТП,206847.0,"[60.21720964,29.626609296]"
Санкт-Петербург,Курортный район,п.Ушково,"Сосновая ул,  д.4,   ",20-09-2023,09:00,20-09-2023,20:00,Северные электрические сети,Курортный РЭС,Капитальный ремонт здания ТП,99657.0,"[60.215830631,29.624469491]"
Санкт-Петербург,Курортный район,п.Ушково,"Вокзальная ул,  д.11,   ",20-09-2023,09:00,20-09-2023,20:00,Северные электрические сети,Курортный РЭС,Капитальный ремонт здания ТП,198698.0,"[59.750000719,30.610661513]"
Санкт-Петербург,Курортный район,п.Ушково,"Сосновая ул,  д.12лит. А",20-09-2023,09:00,20-09-2023,20:00,Северные электрические сети,Курортный РЭС,Капитальный ремонт здания ТП,22536.0,"[60.219745485,29.611779944]"
Санкт-Петербург,Курортный район,п.Ушково,"Вокзальная ул,  уч 4 ",20-09-2023,09:00,20-09-2023,20:00,Северные электрические сети,Курортный РЭС,Капитальный ремонт здания ТП,69045.0,"[59.780140032,30.130261813]"
Санкт-Петербург,Курортный район,п.Ушково,"Полевая Ул.,  д.3",20-09-2023,09:00,20-09-2023,20:00,Северные электрические сети,Курортный РЭС,Капитальный ремонт здания ТП,196563.0,"[59.724835776,30.093921755]"
Санкт-Петербург,Курортный район,п.Ушково,"Сосновая ул,  д.3, лит. А",20-09-2023,09:00,20-09-2023,20:00,Северные электрические сети,Курортный РЭС,Капитальный ремонт здания ТП,86282.0,"[60.110024738,29.952697912]"
Санкт-Петербург,Курортный район,п.Ушково,"Детская ул,  д.31,   ",20-09-2023,09:00,20-09-2023,20:00,Северные электрические сети,Курортный РЭС,Капитальный ремонт здания ТП,46656.0,"[60.213741379,29.628797353]"
Санкт-Петербург,Курортный район,п.Ушково,"Сосновая ул уч.5,  ",20-09-2023,09:00,20-09-2023,20:00,Северные электрические сети,Курортный РЭС,Капитальный ремонт здания ТП,45511.0,"[60.19275518,29.804842602]"
Санкт-Петербург,Курортный район,п.Ушково,"Полевая Ул.,  д.4,  ",20-09-2023,09:00,20-09-2023,20:00,Северные электрические сети,Курортный РЭС,Капитальный ремонт здания ТП,65283.0,"[59.994204115,30.166570883]"
Санкт-Петербург,Курортный район,п.Ушково,"Почтовый Пер.,  д.14,  ",20-09-2023,09:00,20-09-2023,20:00,Северные электрические сети,Курортный РЭС,Капитальный ремонт здания ТП,35065.0,"[60.217212109,29.632317924]"
Санкт-Петербург,Курортный район,п.Ушково,"Почтовый Пер.,  д.10,    ",20-09-2023,09:00,20-09-2023,20:00,Северные электрические сети,Курортный РЭС,Капитальный ремонт здания ТП,4890.0,"[60.217065129,29.631651743]"
Санкт-Петербург,Курортный район,п.Ушково,"Почтовый Пер.,  д.4,    ",20-09-2023,09:00,20-09-2023,20:00,Северные электрические сети,Курортный РЭС,Капитальный ремонт здания ТП,75891.0,"[60.216690839,29.630322646]"
Санкт-Петербург,Курортный район,п.Ушково,"Почтовая Ул.,  д.15,    ",20-09-2023,09:00,20-09-2023,20:00,Северные электрические сети,Курортный РЭС,Капитальный ремонт здания ТП,111239.0,"[60.217419918,29.625392649]"
Санкт-Петербург,Курортный район,п.Ушково,"Почтовая Ул.,  д.4,    ",20-09-2023,09:00,20-09-2023,20:00,Северные электрические сети,Курортный РЭС,Капитальный ремонт здания ТП,108772.0,"[60.190835888,29.523885062]"
Санкт-Петербург,Курортный район,п.Ушково,"Сосновая ул,  д.9,   ",20-09-2023,09:00,20-09-2023,20:00,Северные электрические сети,Курортный РЭС,Капитальный ремонт здания ТП,207423.0,"[60.216964301,29.622405983]"
Санкт-Петербург,Курортный район,п.Ушково,"Почтовая Ул.,  д.15,   ",20-09-2023,09:00,20-09-2023,20:00,Северные электрические сети,Курортный РЭС,Капитальный ремонт здания ТП,111239.0,"[60.217419918,29.625392649]"
Санкт-Петербург,Курортный район,п.Ушково,"Вокзальная ул,  д.8,   ",20-09-2023,09:00,20-09-2023,20:00,Северные электрические сети,Курортный РЭС,Капитальный ремонт здания ТП,109602.0,"[59.780512153,30.129921976]"
Санкт-Петербург,Курортный район,п.Ушково,"Вокзальная ул,  д.9,   ",20-09-2023,09:00,20-09-2023,20:00,Северные электрические сети,Курортный РЭС,Капитальный ремонт здания ТП,45273.0,"[60.20656022,29.701538569]"
Санкт-Петербург,Курортный район,п.Ушково,"Почтовый пер,  д.10,   ",20-09-2023,09:00,20-09-2023,20:00,Северные электрические сети,Курортный РЭС,Капитальный ремонт здания ТП,4890.0,"[60.217065129,29.631651743]"
Санкт-Петербург,Курортный район,п.Ушково,"Детская ул,  д.32,   ",20-09-2023,09:00,20-09-2023,20:00,Северные электрические сети,Курортный РЭС,Капитальный ремонт здания ТП,74278.0,"[59.933199923,30.247232207]"
Санкт-Петербург,Курортный район,п.Ушково,"Сосновая ул,  д.4,   ",20-09-2023,09:00,20-09-2023,20:00,Северные электрические сети,Курортный РЭС,Капитальный ремонт здания ТП,99657.0,"[60.215830631,29.624469491]"
Санкт-Петербург,Курортный район,п.Ушково,"Почтовый пер,  д.14,   ",20-09-2023,09:00,20-09-2023,20:00,Северные электрические сети,Курортный РЭС,Капитальный ремонт здания ТП,35065.0,"[60.217212109,29.632317924]"
Санкт-Петербург,Курортный район,п.Ушково,"Почтовая Ул.,  д.16,   ",20-09-2023,09:00,20-09-2023,20:00,Северные электрические сети,Курортный РЭС,Капитальный ремонт здания ТП,129527.0,"[60.217609393,29.621627005]"
Санкт-Петербург,Курортный район,п.Ушково,"Вокзальная ул,  д.4,   ",20-09-2023,09:00,20-09-2023,20:00,Северные электрические сети,Курортный РЭС,Капитальный ремонт здания ТП,69045.0,"[59.780140032,30.130261813]"
Санкт-Петербург,Курортный район,п.Ушково,"Полевая ул,  д.4,   ",20-09-2023,09:00,20-09-2023,20:00,Северные электрические сети,Курортный РЭС,Капитальный ремонт здания ТП,65283.0,"[59.994204115,30.166570883]"
Санкт-Петербург,Курортный район,п.Ушково,"Вокзальная ул,  д.10,   ",20-09-2023,09:00,20-09-2023,20:00,Северные электрические сети,Курортный РЭС,Капитальный ремонт здания ТП,88210.0,"[60.215482374,29.622756544]"
Санкт-Петербург,Курортный район,п.Ушково,"Почтовый пер,  д.4,   ",20-09-2023,09:00,20-09-2023,20:00,Северные электрические сети,Курортный РЭС,Капитальный ремонт здания ТП,75891.0,"[60.216690839,29.630322646]"
Санкт-Петербург,Курортный район,п.Ушково,"Почтовый пер,  д.16,   ",20-09-2023,09:00,20-09-2023,20:00,Северные электрические сети,Курортный РЭС,Капитальный ремонт здания ТП,129524.0,"[60.217473586,29.632196297]"
Санкт-Петербург,Курортный район,п.Ушково,"Вокзальная ул,  д.11лит. А",20-09-2023,09:00,20-09-2023,20:00,Северные электрические сети,Курортный РЭС,Капитальный ремонт здания ТП,198698.0,"[59.750000719,30.610661513]"
Санкт-Петербург,Курортный район,п.Ушково,"Вокзальная ул,  д.11,   ",20-09-2023,09:00,20-09-2023,20:00,Северные электрические сети,Курортный РЭС,Капитальный ремонт здания ТП,198698.0,"[59.750000719,30.610661513]"
Санкт-Петербург,Красносельский район,г. Красное Село,"ул. Освобождения , д.29",19-09-2023,20:00,20-09-2023,06:00,Южные электрические сети,Красносельский РЭС,На 30 минут.,128363.0,"[59.743919788,30.079974912]"
Санкт-Петербург,Красносельский район,г. Красное Село,ул. Спирина д.1,19-09-2023,20:00,20-09-2023,06:00,Южные электрические сети,Красносельский РЭС,На 30 минут.,128716.0,"[59.746252222,30.083680689]"
Санкт-Петербург,Красносельский район,г. Красное Село,"ул. Геологическая д.42 ,  ",19-09-2023,20:00,20-09-2023,06:00,Южные электрические сети,Красносельский РЭС,На 30 минут.,137125.0,"[59.747226911,30.082856636]"
Санкт-Петербург,Приморский район (СПб),Санкт-Петербург,ул. Гаккелевская д. 21 лит. А,19-09-2023,18:00,19-09-2023,22:00,Кабельная сеть,Западный РЭС,,74167.0,"[60.000093737,30.256640838]"
Санкт-Петербург,Фрунзенский район,г. Санкт-Петербург,"ул. Димитрова,  д. 12,  ",19-09-2023,11:00,19-09-2023,17:00,Кабельная сеть,Невский РЭС,,46292.0,"[59.847309449,30.380589538]"
Санкт-Петербург,Фрунзенский район,г. Санкт-Петербург,"Будапештская,  ул.,  д. 65,  ",19-09-2023,11:00,19-09-2023,17:00,Кабельная сеть,Невский РЭС,,33122.0,"[59.848901987,30.384564289]"
Санкт-Петербург,Фрунзенский район,Санкт-Петербург,Лиговский пр. д. 271 ,19-09-2023,11:00,19-09-2023,17:00,Кабельная сеть,Южный РЭС,,213934.0,"[59.905956612,30.340312723]"
Санкт-Петербург,Фрунзенский район,г. Санкт-Петербург,"ул. Будапештская,  д. 12,  ",19-09-2023,11:00,19-09-2023,17:00,Кабельная сеть,Невский РЭС,,41938.0,"[59.871080061,30.370809971]"
Санкт-Петербург,Фрунзенский район,г. Санкт-Петербург,"Белы Куна д. 2,  ",19-09-2023,11:00,19-09-2023,17:00,Кабельная сеть,Невский РЭС,,131526.0,"[59.869499821,30.373930401]"
Санкт-Петербург,Красносельский район,Сосновая Поляна,"П.Гарькавого 33/1, 3",19-09-2023,11:00,19-09-2023,19:00,Южные электрические сети,Петродворцовый  РЭС,"ТП-015 РУ 0,4кВ монтаж ТТ.",76223.0,"[59.83388219,30.146158834]"
Санкт-Петербург,Красносельский район,Сосновая Поляна,"я Комсомольская 36/1, 3",19-09-2023,11:00,19-09-2023,19:00,Южные электрические сети,Петродворцовый  РЭС,"ТП-015 РУ 0,4кВ монтаж ТТ.",38176.0,"[59.832713089,30.143708691]"
Санкт-Петербург,Пушкинский район,тер. Пулковское,Пулковское ш. д.103 ,19-09-2023,10:00,19-09-2023,17:20,Южные электрические сети,Пушкинский РЭС,,113348.0,"[59.753306729,30.311305088]"
Санкт-Петербург,Василеостровский район,Санкт-Петербург,"Малый пр.,  д. 54",19-09-2023,10:00,19-09-2023,18:00,Кабельная сеть,Островной РЭС,,53400.0,"[59.941722291,30.258528849]"
Санкт-Петербург,Калининский район,Санкт-Петербург,"Бестужевская ул.,  д.5",19-09-2023,10:00,19-09-2023,16:00,Кабельная сеть,Восточный РЭС,,210276.0,"[59.986063196,30.385984113]"
Санкт-Петербург,Центральный район ,Санкт-Петербург,"Садовая ул., д.12,  ",19-09-2023,10:00,19-09-2023,18:00,Кабельная сеть,Центральный РЭС,,196871.0,"[59.935445492,30.336173775]"
Санкт-Петербург,Центральный район ,Санкт-Петербург,"Малая Садовая,  д. 1",19-09-2023,10:00,19-09-2023,18:00,Кабельная сеть,Центральный РЭС,,105075.0,"[59.935303846,30.337511491]"
Санкт-Петербург,Василеостровский район,Санкт-Петербург,"ул. Уральская,  д. 8",19-09-2023,10:00,19-09-2023,18:00,Кабельная сеть,Островной РЭС,,68972.0,"[59.952205585,30.263985617]"
Санкт-Петербург,Василеостровский район,Санкт-Петербург,"ул. Железноводская,  д. 10",19-09-2023,10:00,19-09-2023,18:00,Кабельная сеть,Островной РЭС,,36307.0,"[59.952272467,30.258864121]"
Санкт-Петербург,Петроградский район,Санкт-Петербург,"ул. Ремесленная,  д. 9 к.2",19-09-2023,10:00,19-09-2023,18:00,Кабельная сеть,Островной РЭС,,135096.0,"[59.959178917,30.268266763]"
Санкт-Петербург,Петроградский район,Санкт-Петербург,"Петровский пр.,  д. 20 лит. ",19-09-2023,10:00,19-09-2023,18:00,Кабельная сеть,Островной РЭС,,18468.0,"[59.959628646,30.266563336]"
Санкт-Петербург,Петроградский район,Санкт-Петербург,"Петроградская наб.,  д. 26",19-09-2023,10:00,19-09-2023,18:00,Кабельная сеть,Островной РЭС,,45935.0,"[59.960926086,30.333552441]"
Санкт-Петербург,Адмиралтейский район,Санкт-Петербург,"Рижский пр.,  д. 58,  ",19-09-2023,10:00,19-09-2023,22:00,Кабельная сеть,Центральный РЭС,Аварийные работы,218689.0,"[59.913039035,30.275333913]"
Санкт-Петербург,Красногвардейский район,Санкт-Петербург,"Пискаревский пр.,  д.37",19-09-2023,10:00,19-09-2023,17:00,Кабельная сеть,Восточный РЭС,,36407.0,"[59.977813167,30.420732429]"
Санкт-Петербург,Василеостровский район,Санкт-Петербург,"Средний пр.,  д. 61,  ",19-09-2023,10:00,19-09-2023,18:00,Кабельная сеть,Островной РЭС,,49605.0,"[59.939978527,30.266969511]"
